latitude,longitude,bright_ti4,scan,track,acq_date,acq_time,satellite,confidence,version,bright_ti5,frp,daynight
21.46879,98.25249,339.16,0.45,0.63,2026-09-16,0553,N21,nominal,2.0NRT,288.93,8.22,D
21.46782,98.24814,326.36,0.45,0.63,2026-09-16,0553,N21,nominal,2.0NRT,289.01,8.03,D
21.46465,98.25303,344.14,0.45,0.63,2026-09-16,0553,N21,nominal,2.0NRT,289.01,9.59,D
22.04143,99.62005,325.58,0.36,0.57,2026-09-16,0553,N21,nominal,2.0NRT,284.44,1.13,D
22.68007,99.20621,328.33,0.37,0.58,2026-09-16,0553,N21,nominal,2.0NRT,295.04,6.97,D
23.43261,98.71444,330.73,0.39,0.59,2026-09-16,0553,N21,nominal,2.0NRT,293.08,3.12,D
23.43081,98.71515,328.48,0.38,0.59,2026-09-16,0553,N21,nominal,2.0NRT,292,4.49,D
26.02673,101.72204,338.29,0.45,0.47,2026-09-16,0555,N21,nominal,2.0NRT,293.55,3.9,D
26.56291,101.67844,328.3,0.44,0.46,2026-09-16,0555,N21,low,2.0NRT,301.09,7.81,D
26.5662,101.6731,326.28,0.44,0.46,2026-09-16,0555,N21,low,2.0NRT,301.03,6.1,D
38.95077,100.48489,330.07,0.46,0.39,2026-09-16,0557,N21,low,2.0NRT,303.72,3.65,D
7.57171,80.99763,331.16,0.47,0.48,2026-09-16,0731,N21,nominal,2.0NRT,283.89,4.99,D
8.27539,80.76751,326.43,0.48,0.48,2026-09-16,0731,N21,nominal,2.0NRT,292.6,1.26,D
23.82722,84.57161,330.12,0.39,0.36,2026-09-16,0735,N21,low,2.0NRT,302.33,4.93,D
8.63268,80.5003,330.1,0.49,0.49,2026-09-16,0731,N21,nominal,2.0NRT,287.8,6.49,D
31.70653,78.2709,336,0.44,0.38,2026-09-16,0737,N21,nominal,2.0NRT,296.81,4.26,D
8.44124,77.58891,334.02,0.39,0.6,2026-09-16,0731,N21,nominal,2.0NRT,295.86,3.74,D
31.32868,74.5156,330.64,0.45,0.47,2026-09-16,0737,N21,nominal,2.0NRT,296.74,5.29,D
8.44338,77.58873,344.77,0.39,0.59,2026-09-16,0731,N21,nominal,2.0NRT,297.98,3.44,D
8.49425,77.31149,335.27,0.41,0.61,2026-09-16,0731,N21,nominal,2.0NRT,292.96,3.77,D
31.32874,74.51641,333.37,0.45,0.47,2026-09-16,0737,N21,nominal,2.0NRT,297.05,3.7,D
8.60612,77.9716,332.61,0.37,0.58,2026-09-16,0731,N21,nominal,2.0NRT,291.69,3.67,D
31.66656,75.15292,329.72,0.41,0.45,2026-09-16,0737,N21,nominal,2.0NRT,296.99,1.88,D
8.49447,77.3097,337.41,0.41,0.61,2026-09-16,0731,N21,nominal,2.0NRT,292.72,7.2,D
31.7515,74.09164,334.48,0.46,0.47,2026-09-16,0737,N21,nominal,2.0NRT,294.44,6.5,D
9.40423,80.4836,330.37,0.48,0.48,2026-09-16,0731,N21,nominal,2.0NRT,290.68,4.98,D
34.36076,79.14044,350.17,0.4,0.37,2026-09-16,0737,N21,nominal,2.0NRT,305.15,17.24,D
9.47342,80.46737,337.24,0.48,0.48,2026-09-16,0731,N21,nominal,2.0NRT,291.42,6.24,D
39.71209,78.50187,337.23,0.38,0.36,2026-09-16,0739,N21,low,2.0NRT,311.04,3.46,D
9.49923,78.90596,337.77,0.61,0.53,2026-09-16,0731,N21,nominal,2.0NRT,295.87,5.95,D
10.64368,79.77027,334.38,0.51,0.49,2026-09-16,0731,N21,nominal,2.0NRT,300.85,7.67,D
39.90752,78.94939,335.52,0.38,0.36,2026-09-16,0739,N21,low,2.0NRT,307.03,3.5,D
10.86719,78.58047,335.21,0.61,0.53,2026-09-16,0731,N21,nominal,2.0NRT,294.91,5.56,D
39.65052,76.00347,349.39,0.42,0.38,2026-09-16,0739,N21,nominal,2.0NRT,313.41,6.14,D
10.81349,77.8304,330.86,0.34,0.56,2026-09-16,0731,N21,nominal,2.0NRT,295.1,2.43,D
38.05148,67.26636,338.4,0.39,0.59,2026-09-16,0739,N21,nominal,2.0NRT,302.23,6.67,D
10.8186,77.82951,330.66,0.34,0.56,2026-09-16,0731,N21,nominal,2.0NRT,295.78,2.43,D
38.05039,67.26225,345.2,0.39,0.59,2026-09-16,0739,N21,nominal,2.0NRT,302.04,6.43,D
10.88714,77.81318,331.23,0.34,0.56,2026-09-16,0731,N21,nominal,2.0NRT,296.16,1.93,D
11.06173,77.64268,339.3,0.35,0.57,2026-09-16,0731,N21,nominal,2.0NRT,284.58,3.24,D
37.03408,62.41157,335.74,0.74,0.76,2026-09-16,0739,N21,low,2.0NRT,305.76,6.85,D
11.87182,79.46504,330.08,0.51,0.49,2026-09-16,0731,N21,low,2.0NRT,302.41,9.82,D
12.04965,79.08607,333.65,0.54,0.51,2026-09-16,0731,N21,nominal,2.0NRT,296.8,2.62,D
12.21233,79.92786,330.48,0.47,0.48,2026-09-16,0731,N21,nominal,2.0NRT,295.71,6.29,D
12.51927,80.01708,340.55,0.46,0.47,2026-09-16,0731,N21,nominal,2.0NRT,297.52,2.28,D
12.68042,79.69836,330.19,0.48,0.48,2026-09-16,0731,N21,nominal,2.0NRT,292.45,4.07,D
12.83684,79.94046,331.46,0.46,0.47,2026-09-16,0733,N21,low,2.0NRT,302.78,5.83,D
12.87949,79.90715,335.56,0.46,0.47,2026-09-16,0733,N21,nominal,2.0NRT,299.47,5.66,D
39.67531,63.05125,339.9,0.57,0.69,2026-09-16,0741,N21,nominal,2.0NRT,302.19,6.48,D
13.81175,79.52307,337.44,0.47,0.48,2026-09-16,0733,N21,nominal,2.0NRT,301.83,4.73,D
39.67976,63.05289,341.92,0.57,0.69,2026-09-16,0741,N21,nominal,2.0NRT,302.13,5.36,D
14.19667,79.81514,340.77,0.44,0.46,2026-09-16,0733,N21,nominal,2.0NRT,298.39,5.77,D
14.04276,76.98208,330.99,0.34,0.56,2026-09-16,0733,N21,low,2.0NRT,302.83,0.75,D
14.39017,77.74361,340.71,0.6,0.53,2026-09-16,0733,N21,nominal,2.0NRT,297.82,4.77,D
14.4244,77.48332,333.6,0.62,0.54,2026-09-16,0733,N21,nominal,2.0NRT,301.62,5.59,D
14.906,79.90471,337.51,0.42,0.45,2026-09-16,0733,N21,nominal,2.0NRT,300.35,4.29,D
14.91426,79.9032,331.17,0.42,0.45,2026-09-16,0733,N21,nominal,2.0NRT,300.17,2.72,D
14.50682,77.24043,342.42,0.32,0.55,2026-09-16,0733,N21,nominal,2.0NRT,304.47,3.4,D
14.54145,77.09679,331.26,0.33,0.55,2026-09-16,0733,N21,low,2.0NRT,302.57,2.01,D
14.58803,76.82425,348.16,0.34,0.56,2026-09-16,0733,N21,nominal,2.0NRT,301,2.94,D
14.59104,76.82299,347.92,0.34,0.56,2026-09-16,0733,N21,nominal,2.0NRT,299.3,2.46,D
14.7588,77.25867,352.62,0.32,0.54,2026-09-16,0733,N21,nominal,2.0NRT,293.86,17.12,D
15.86976,80.60027,335.18,0.56,0.43,2026-09-16,0733,N21,nominal,2.0NRT,301.21,4.24,D
15.82572,80.0512,343.58,0.4,0.44,2026-09-16,0733,N21,nominal,2.0NRT,302.11,6.16,D
15.75853,76.95399,332.64,0.32,0.54,2026-09-16,0733,N21,nominal,2.0NRT,301.89,2.05,D
15.9737,77.67783,330.84,0.57,0.52,2026-09-16,0733,N21,nominal,2.0NRT,300.18,1.9,D
16.12643,78.17873,341.69,0.52,0.5,2026-09-16,0733,N21,nominal,2.0NRT,299.21,6.67,D
17.61515,81.03552,332.9,0.5,0.41,2026-09-16,0733,N21,nominal,2.0NRT,296.66,4.63,D
18.19524,83.86922,332.12,0.39,0.36,2026-09-16,0733,N21,nominal,2.0NRT,296.03,2.84,D
17.63124,77.90943,337.09,0.51,0.49,2026-09-16,0733,N21,nominal,2.0NRT,298.84,8.61,D
17.58175,75.70808,343.72,0.36,0.57,2026-09-16,0733,N21,nominal,2.0NRT,301.96,5.9,D
19.099,82.16589,335.32,0.43,0.38,2026-09-16,0733,N21,low,2.0NRT,298.22,8.91,D
20.79423,85.255,335.1,0.39,0.36,2026-09-16,0733,N21,nominal,2.0NRT,300.34,5.87,D
20.7981,85.25819,334.37,0.39,0.36,2026-09-16,0733,N21,nominal,2.0NRT,299.53,5.87,D
20.80806,85.25655,334.73,0.39,0.36,2026-09-16,0733,N21,nominal,2.0NRT,301.38,4.88,D
20.96642,86.00992,330.77,0.41,0.37,2026-09-16,0733,N21,nominal,2.0NRT,295.73,6.69,D
20.86481,84.99547,337.06,0.39,0.36,2026-09-16,0733,N21,nominal,2.0NRT,298.84,4.78,D
20.86371,84.98805,339.04,0.39,0.36,2026-09-16,0733,N21,nominal,2.0NRT,297.56,4.32,D
20.86757,84.99119,331,0.39,0.36,2026-09-16,0733,N21,nominal,2.0NRT,298.78,4.78,D
20.88686,84.98418,333.33,0.39,0.36,2026-09-16,0733,N21,nominal,2.0NRT,300.52,6.36,D
20.88962,84.97992,335.2,0.39,0.36,2026-09-16,0733,N21,nominal,2.0NRT,299.68,4.47,D
20.9612,85.18865,332.66,0.39,0.36,2026-09-16,0733,N21,nominal,2.0NRT,302.05,6.09,D
20.96452,85.1881,346.66,0.39,0.36,2026-09-16,0733,N21,nominal,2.0NRT,302.41,6.09,D
20.96398,85.18436,337.31,0.39,0.36,2026-09-16,0733,N21,nominal,2.0NRT,302.04,6.83,D
20.96235,85.17316,330.74,0.39,0.36,2026-09-16,0733,N21,nominal,2.0NRT,298.24,3.24,D
20.96512,85.16888,332.4,0.39,0.36,2026-09-16,0733,N21,nominal,2.0NRT,299.82,6.3,D
20.96953,85.17579,348.23,0.39,0.36,2026-09-16,0733,N21,nominal,2.0NRT,302.33,6.38,D
20.96898,85.17207,332.72,0.39,0.36,2026-09-16,0733,N21,nominal,2.0NRT,300.97,6.38,D
20.97562,85.17096,337.36,0.39,0.36,2026-09-16,0733,N21,nominal,2.0NRT,299.67,5.6,D
20.98067,85.13575,331.57,0.39,0.36,2026-09-16,0733,N21,nominal,2.0NRT,301.08,3.59,D
21.07371,85.05211,330.61,0.39,0.36,2026-09-16,0733,N21,low,2.0NRT,302.7,3.66,D
21.07483,85.0367,331.58,0.39,0.36,2026-09-16,0733,N21,low,2.0NRT,303.36,4.43,D
21.07815,85.03615,331.48,0.39,0.36,2026-09-16,0733,N21,low,2.0NRT,304,4.43,D
19.60177,74.81393,332.88,0.37,0.58,2026-09-16,0733,N21,nominal,2.0NRT,293.74,4.56,D
22.05437,88.12495,332.45,0.51,0.41,2026-09-16,0735,N21,low,2.0NRT,304.64,3.49,D
21.67775,84.04002,336.76,0.38,0.36,2026-09-16,0735,N21,nominal,2.0NRT,303.23,7.12,D
21.34766,81.66537,334.65,0.42,0.38,2026-09-16,0735,N21,low,2.0NRT,299.24,5.99,D
21.76671,84.02037,335.93,0.38,0.36,2026-09-16,0735,N21,nominal,2.0NRT,303.03,6.23,D
21.74309,83.8433,335.37,0.38,0.36,2026-09-16,0735,N21,nominal,2.0NRT,300.91,4.69,D
21.74637,83.84272,339.11,0.38,0.36,2026-09-16,0735,N21,nominal,2.0NRT,303.2,6.33,D
21.74966,83.84214,332.26,0.38,0.36,2026-09-16,0735,N21,nominal,2.0NRT,301.58,6.33,D
21.7568,83.84467,341.3,0.38,0.36,2026-09-16,0735,N21,nominal,2.0NRT,302.69,7.95,D
21.76064,83.84776,338.01,0.38,0.36,2026-09-16,0735,N21,nominal,2.0NRT,303.27,4.8,D
21.76008,83.84409,339.76,0.38,0.36,2026-09-16,0735,N21,nominal,2.0NRT,302.8,6.5,D
21.76393,83.84719,336.05,0.38,0.36,2026-09-16,0735,N21,nominal,2.0NRT,299.91,4.8,D
22.36553,87.3004,337.02,0.47,0.4,2026-09-16,0735,N21,nominal,2.0NRT,300.43,7.07,D
22.37762,87.28011,339.68,0.47,0.4,2026-09-16,0735,N21,nominal,2.0NRT,297.21,6.86,D
21.9192,83.35405,336.13,0.39,0.36,2026-09-16,0735,N21,nominal,2.0NRT,301.54,6.38,D
21.92192,83.34977,345.53,0.39,0.36,2026-09-16,0735,N21,nominal,2.0NRT,303.62,7.73,D
22.20798,84.86122,331.35,0.39,0.36,2026-09-16,0735,N21,low,2.0NRT,302.58,2.88,D
22.03798,83.35143,331.42,0.39,0.36,2026-09-16,0735,N21,nominal,2.0NRT,300.66,4.16,D
22.35862,82.30346,346.5,0.4,0.37,2026-09-16,0735,N21,nominal,2.0NRT,304.76,10.85,D
21.10293,72.64663,351.22,0.48,0.64,2026-09-16,0735,N21,nominal,2.0NRT,288.4,9.72,D
21.10093,72.63773,333.3,0.48,0.65,2026-09-16,0735,N21,nominal,2.0NRT,288.09,10.36,D
23.68966,87.10038,330.43,0.47,0.4,2026-09-16,0735,N21,nominal,2.0NRT,300.2,9.23,D
23.69718,87.09631,330.73,0.47,0.4,2026-09-16,0735,N21,low,2.0NRT,300.89,8.02,D
21.10809,72.6454,327.86,0.48,0.64,2026-09-16,0735,N21,nominal,2.0NRT,288.41,5.98,D
23.62867,86.28975,334.17,0.44,0.38,2026-09-16,0735,N21,nominal,2.0NRT,299.2,3.94,D
23.67571,86.40029,335.37,0.44,0.38,2026-09-16,0735,N21,nominal,2.0NRT,304.04,5.08,D
23.67923,86.3997,330.67,0.44,0.38,2026-09-16,0735,N21,low,2.0NRT,302.07,5.08,D
23.67865,86.3954,334.07,0.44,0.38,2026-09-16,0735,N21,nominal,2.0NRT,301.66,8.43,D
23.68216,86.39484,334.64,0.44,0.38,2026-09-16,0735,N21,nominal,2.0NRT,301.83,6.47,D
23.68568,86.39427,338.59,0.44,0.38,2026-09-16,0735,N21,nominal,2.0NRT,302.61,6.47,D
23.71141,86.45175,333.46,0.44,0.39,2026-09-16,0735,N21,nominal,2.0NRT,299.64,8.96,D
23.67759,86.0843,331.42,0.43,0.38,2026-09-16,0735,N21,low,2.0NRT,302.06,4.53,D
23.68857,86.08683,335.45,0.43,0.38,2026-09-16,0735,N21,nominal,2.0NRT,299.9,7.98,D
23.73841,86.43529,339.91,0.44,0.39,2026-09-16,0735,N21,nominal,2.0NRT,301.57,7.11,D
23.73784,86.43095,331.35,0.44,0.39,2026-09-16,0735,N21,nominal,2.0NRT,299.4,5.23,D
23.16672,82.34226,337.05,0.39,0.37,2026-09-16,0735,N21,nominal,2.0NRT,298.96,5,D
23.64872,85.43804,333.64,0.41,0.37,2026-09-16,0735,N21,nominal,2.0NRT,299.58,5.95,D
23.80369,86.33247,333.44,0.44,0.38,2026-09-16,0735,N21,nominal,2.0NRT,298.34,5.13,D
23.80311,86.32819,337.2,0.44,0.38,2026-09-16,0735,N21,nominal,2.0NRT,299.72,5.13,D
23.71165,85.2858,336.85,0.41,0.37,2026-09-16,0735,N21,nominal,2.0NRT,302.21,4.34,D
23.77948,85.57271,330.53,0.41,0.37,2026-09-16,0735,N21,low,2.0NRT,302.52,5.92,D
23.78745,85.55484,332.92,0.41,0.37,2026-09-16,0735,N21,nominal,2.0NRT,301.67,4.08,D
21.10458,72.64769,332.4,0.71,0.75,2026-09-16,0915,N21,nominal,2.0NRT,285.82,10.05,D
21.10353,72.63415,331.29,0.7,0.75,2026-09-16,0915,N21,nominal,2.0NRT,285.73,20.71,D
21.10502,72.64709,333.5,0.71,0.75,2026-09-16,0915,N21,nominal,2.0NRT,285.94,21.6,D
21.10406,72.63354,330.31,0.71,0.75,2026-09-16,0915,N21,nominal,2.0NRT,285.69,9.4,D
23.48476,58.28146,337.77,0.38,0.36,2026-09-16,0917,N21,low,2.0NRT,310.94,3.25,D
25.69512,66.92522,338.05,0.34,0.56,2026-09-16,0917,N21,nominal,2.0NRT,302.28,6.74,D
24.45382,56.55112,342.75,0.4,0.37,2026-09-16,0917,N21,low,2.0NRT,317.5,11.27,D
26.32369,64.45065,337.75,0.48,0.48,2026-09-16,0917,N21,low,2.0NRT,310.35,3.01,D
24.50945,54.01973,333.8,0.48,0.4,2026-09-16,0917,N21,nominal,2.0NRT,305.05,2.63,D
24.50887,54.0164,333.3,0.48,0.4,2026-09-16,0917,N21,nominal,2.0NRT,304.93,2.28,D
26.00674,62.93363,343.15,0.39,0.44,2026-09-16,0917,N21,nominal,2.0NRT,309.82,17.06,D
27.07663,56.99369,346.05,0.38,0.36,2026-09-16,0917,N21,nominal,2.0NRT,307.99,6.36,D
27.16159,56.10168,342.99,0.39,0.36,2026-09-16,0917,N21,low,2.0NRT,314.59,14.04,D
27.42307,56.50315,339.64,0.39,0.36,2026-09-16,0917,N21,low,2.0NRT,311.49,5.49,D
37.03347,62.41741,348.1,0.49,0.48,2026-09-16,0920,N21,nominal,2.0NRT,314.35,13.74,D
37.11783,62.3653,340.44,0.49,0.48,2026-09-16,0920,N21,low,2.0NRT,315.33,17.32,D
37.22344,60.60716,337.02,0.39,0.44,2026-09-16,0920,N21,low,2.0NRT,310.76,2.23,D
37.51273,61.77704,333.81,0.46,0.47,2026-09-16,0922,N21,low,2.0NRT,307.05,2.77,D
37.85583,65.31517,339.61,0.36,0.57,2026-09-16,0922,N21,nominal,2.0NRT,303.48,1.21,D
37.58112,61.52538,340.68,0.44,0.46,2026-09-16,0922,N21,low,2.0NRT,314.8,6.78,D
37.58013,61.52428,343.9,0.44,0.46,2026-09-16,0922,N21,nominal,2.0NRT,314.48,5.71,D
36.83179,54.2597,338.06,0.38,0.36,2026-09-16,0922,N21,low,2.0NRT,309.68,2.86,D
36.97418,54.84004,335.27,0.38,0.36,2026-09-16,0922,N21,nominal,2.0NRT,308.23,1.38,D
36.92927,54.47488,338.81,0.38,0.36,2026-09-16,0922,N21,nominal,2.0NRT,312.81,2.53,D
37.61912,59.46844,335.75,0.53,0.42,2026-09-16,0922,N21,low,2.0NRT,310.06,5.11,D
39.74866,64.44343,336.28,0.34,0.56,2026-09-16,0922,N21,nominal,2.0NRT,302.24,3.21,D
39.67841,63.05128,350.47,0.56,0.52,2026-09-16,0922,N21,nominal,2.0NRT,307.9,8.52,D
39.33246,55.63599,346.07,0.4,0.37,2026-09-16,0922,N21,nominal,2.0NRT,315.03,9.73,D
39.35408,55.61679,351.37,0.4,0.37,2026-09-16,0922,N21,nominal,2.0NRT,321.7,18.92,D
39.38517,55.74395,340.8,0.41,0.37,2026-09-16,0922,N21,low,2.0NRT,315.46,4.54,D
39.8106,98.28981,297.49,0.63,0.72,2026-09-16,1817,N21,nominal,2.0NRT,287.06,1.82,N
36.5918,101.48548,300.46,0.39,0.6,2026-09-16,1817,N21,nominal,2.0NRT,278.02,1.33,N
26.96369,100.35913,296.57,0.37,0.58,2026-09-16,1821,N21,nominal,2.0NRT,281.63,0.76,N
26.38164,101.97331,300.73,0.58,0.52,2026-09-16,1821,N21,nominal,2.0NRT,287.06,0.53,N
24.26595,97.22494,313.98,0.55,0.68,2026-09-16,1821,N21,nominal,2.0NRT,273,2.57,N
24.26793,97.22459,309,0.55,0.68,2026-09-16,1821,N21,nominal,2.0NRT,272.82,2.2,N
22.63605,100.14468,298.09,0.34,0.56,2026-09-16,1821,N21,nominal,2.0NRT,283.93,1.2,N
29.22401,88.34949,297.41,0.43,0.38,2026-09-16,2002,N21,nominal,2.0NRT,280.7,1.07,N
25.37867,98.46365,296.39,0.63,0.72,2026-09-16,2002,N21,nominal,2.0NRT,279.31,1.66,N
16.30445,77.35921,306.68,0.39,0.44,2026-09-16,2006,N21,nominal,2.0NRT,293.02,2.05,N
25.37831,98.46476,296.16,0.63,0.72,2026-09-16,2002,N21,nominal,2.0NRT,279.99,1.67,N
28.74777,77.16139,306.9,0.56,0.52,2026-09-16,2002,N21,nominal,2.0NRT,283.1,1.16,N
15.33849,76.27544,315.64,0.44,0.46,2026-09-16,2006,N21,nominal,2.0NRT,291.31,1.86,N
26.75801,83.20046,309.29,0.4,0.37,2026-09-16,2002,N21,nominal,2.0NRT,292.64,2.69,N
15.33746,76.25067,305.6,0.44,0.46,2026-09-16,2006,N21,nominal,2.0NRT,291.36,1.12,N
26.64359,79.4799,307.28,0.39,0.44,2026-09-16,2002,N21,nominal,2.0NRT,294.94,1.24,N
15.30252,76.22131,305.5,0.44,0.46,2026-09-16,2006,N21,nominal,2.0NRT,290.9,1.19,N
26.64003,79.47544,308.11,0.39,0.44,2026-09-16,2002,N21,nominal,2.0NRT,294.86,0.69,N
26.62972,79.52909,307.49,0.39,0.44,2026-09-16,2002,N21,nominal,2.0NRT,295.19,1.12,N
15.2237,76.76253,311.26,0.41,0.45,2026-09-16,2006,N21,nominal,2.0NRT,292.88,1.76,N
24.92425,84.1565,305.08,0.38,0.36,2026-09-16,2004,N21,nominal,2.0NRT,287.36,0.99,N
15.17888,77.10246,309.68,0.39,0.44,2026-09-16,2006,N21,nominal,2.0NRT,292.86,4.07,N
23.80577,86.32725,300.7,0.41,0.37,2026-09-16,2004,N21,nominal,2.0NRT,276.86,1.85,N
23.80509,86.33124,310.95,0.41,0.37,2026-09-16,2004,N21,nominal,2.0NRT,277.26,1.85,N
15.02116,78.01511,310.01,0.51,0.41,2026-09-16,2006,N21,nominal,2.0NRT,292.66,5.9,N
23.8017,86.33055,320.07,0.41,0.37,2026-09-16,2004,N21,nominal,2.0NRT,277.64,1.85,N
15.17502,76.78572,310.44,0.4,0.44,2026-09-16,2006,N21,nominal,2.0NRT,292.86,2.28,N
23.79421,86.35396,313.87,0.41,0.37,2026-09-16,2004,N21,nominal,2.0NRT,275.03,1.52,N
15.18259,76.66791,316.53,0.41,0.45,2026-09-16,2006,N21,nominal,2.0NRT,291.69,2.62,N
23.78125,86.38871,301.98,0.42,0.37,2026-09-16,2004,N21,nominal,2.0NRT,273.81,0.94,N
15.18157,76.67548,311.06,0.41,0.45,2026-09-16,2006,N21,nominal,2.0NRT,291.32,2.34,N
23.78057,86.39274,300.12,0.42,0.37,2026-09-16,2004,N21,nominal,2.0NRT,273.45,1.27,N
15.17747,76.67495,318.45,0.41,0.45,2026-09-16,2006,N21,nominal,2.0NRT,291.94,2.67,N
23.7806,86.37199,300.72,0.41,0.37,2026-09-16,2004,N21,nominal,2.0NRT,274.55,0.65,N
15.17696,76.67875,308.75,0.41,0.45,2026-09-16,2006,N21,nominal,2.0NRT,291.26,2.04,N
23.77785,86.38803,308.56,0.42,0.37,2026-09-16,2004,N21,nominal,2.0NRT,274.29,0.94,N
15.17491,76.69395,305.43,0.41,0.45,2026-09-16,2006,N21,nominal,2.0NRT,288.62,0.79,N
23.77441,86.40816,298.44,0.42,0.37,2026-09-16,2004,N21,nominal,2.0NRT,271.69,0.53,N
15.17589,76.65549,324.32,0.41,0.45,2026-09-16,2006,N21,nominal,2.0NRT,293.72,2.96,N
23.78131,86.34724,299.63,0.41,0.37,2026-09-16,2004,N21,nominal,2.0NRT,274.43,1.1,N
15.17539,76.65927,311.72,0.41,0.45,2026-09-16,2006,N21,nominal,2.0NRT,291.9,2.96,N
23.77518,86.3626,312.15,0.41,0.37,2026-09-16,2004,N21,nominal,2.0NRT,273.64,1.6,N
15.17077,76.66254,311.22,0.41,0.45,2026-09-16,2006,N21,nominal,2.0NRT,291.96,2.08,N
23.77449,86.36661,300.96,0.41,0.37,2026-09-16,2004,N21,nominal,2.0NRT,273.34,0.85,N
15.17436,76.37912,304.07,0.43,0.46,2026-09-16,2006,N21,nominal,2.0NRT,290.18,1.25,N
23.7683,86.40279,309.1,0.42,0.37,2026-09-16,2004,N21,nominal,2.0NRT,272.87,1.52,N
15.16966,76.38253,306.41,0.43,0.46,2026-09-16,2006,N21,nominal,2.0NRT,290.51,1.25,N
23.79362,86.23397,303.29,0.41,0.37,2026-09-16,2004,N21,nominal,2.0NRT,279.73,0.81,N
15.10995,76.80755,306.63,0.4,0.44,2026-09-16,2006,N21,nominal,2.0NRT,292.56,1.48,N
23.76627,86.39407,299.98,0.42,0.37,2026-09-16,2004,N21,nominal,2.0NRT,273.74,0.7,N
13.70849,79.61862,310.8,0.42,0.38,2026-09-16,2006,N21,nominal,2.0NRT,295.88,1.45,N
23.7649,86.4021,308.25,0.42,0.37,2026-09-16,2004,N21,nominal,2.0NRT,272.92,1.98,N
14.09994,76.53317,306.95,0.4,0.45,2026-09-16,2006,N21,nominal,2.0NRT,289.79,0.59,N
23.76421,86.4061,312.31,0.42,0.37,2026-09-16,2004,N21,nominal,2.0NRT,272.8,1.14,N
13.51557,80.06577,308.54,0.41,0.37,2026-09-16,2006,N21,nominal,2.0NRT,293.93,0.75,N
23.76287,86.39339,299.74,0.42,0.37,2026-09-16,2004,N21,nominal,2.0NRT,273.92,0.7,N
13.39087,80.10328,307.15,0.4,0.37,2026-09-16,2006,N21,nominal,2.0NRT,294.03,0.8,N
23.7615,86.40141,314.97,0.42,0.37,2026-09-16,2004,N21,nominal,2.0NRT,272.97,1.98,N
13.34493,76.99017,300.35,0.56,0.43,2026-09-16,2006,N21,nominal,2.0NRT,282.77,1.21,N
13.00124,77.41275,303.01,0.52,0.42,2026-09-16,2006,N21,nominal,2.0NRT,290.05,0.87,N
23.76081,86.40543,304.91,0.42,0.37,2026-09-16,2004,N21,nominal,2.0NRT,272.28,1.14,N
23.75809,86.40074,301.39,0.42,0.37,2026-09-16,2004,N21,nominal,2.0NRT,273.11,1.62,N
23.75741,86.40475,309.59,0.42,0.37,2026-09-16,2004,N21,nominal,2.0NRT,272.74,1.67,N
23.75193,86.41615,304.3,0.42,0.37,2026-09-16,2004,N21,nominal,2.0NRT,273.15,0.94,N
23.7801,86.21068,333.6,0.41,0.37,2026-09-16,2004,N21,nominal,2.0NRT,281.29,4.39,N
23.77919,86.21089,334.54,0.41,0.37,2026-09-16,2004,N21,nominal,2.0NRT,281.16,2.59,N
23.77986,86.20692,303.64,0.41,0.37,2026-09-16,2004,N21,nominal,2.0NRT,280.28,2.09,N
23.7381,86.43478,322.04,0.42,0.37,2026-09-16,2004,N21,nominal,2.0NRT,276.07,2.57,N
23.77581,86.21023,306.28,0.41,0.37,2026-09-16,2004,N21,nominal,2.0NRT,279.86,2.59,N
23.73537,86.43006,305.19,0.42,0.37,2026-09-16,2004,N21,nominal,2.0NRT,274.89,1.22,N
23.73469,86.4341,303.86,0.42,0.37,2026-09-16,2004,N21,nominal,2.0NRT,275.24,1.66,N
23.77104,86.19698,311.81,0.41,0.37,2026-09-16,2004,N21,nominal,2.0NRT,279.8,2.18,N
23.72311,86.44012,303.15,0.42,0.37,2026-09-16,2004,N21,nominal,2.0NRT,275.77,1.25,N
23.71424,86.45087,311.19,0.42,0.37,2026-09-16,2004,N21,nominal,2.0NRT,275.66,1.73,N
23.71083,86.45019,301.29,0.42,0.37,2026-09-16,2004,N21,nominal,2.0NRT,275.34,0.84,N
23.70811,86.44547,299.91,0.42,0.37,2026-09-16,2004,N21,nominal,2.0NRT,274.9,0.84,N
23.70742,86.4495,304.42,0.42,0.37,2026-09-16,2004,N21,nominal,2.0NRT,275.28,0.84,N
23.77647,85.99791,304.11,0.4,0.37,2026-09-16,2004,N21,nominal,2.0NRT,284.57,0.77,N
23.83973,85.47024,304.77,0.39,0.36,2026-09-16,2004,N21,nominal,2.0NRT,291.21,0.9,N
23.6857,86.39091,307.52,0.42,0.37,2026-09-16,2004,N21,nominal,2.0NRT,271.18,1.15,N
23.68501,86.39493,307.28,0.42,0.37,2026-09-16,2004,N21,nominal,2.0NRT,271.44,1.15,N
23.83641,85.46959,309.31,0.39,0.36,2026-09-16,2004,N21,nominal,2.0NRT,292.62,0.9,N
23.68161,86.39424,307.21,0.42,0.37,2026-09-16,2004,N21,nominal,2.0NRT,273.16,1.15,N
23.56204,87.08544,305.33,0.44,0.38,2026-09-16,2004,N21,nominal,2.0NRT,276.05,1.2,N
23.67821,86.39358,304.58,0.42,0.37,2026-09-16,2004,N21,nominal,2.0NRT,272.81,1.32,N
23.67752,86.39761,314.03,0.42,0.37,2026-09-16,2004,N21,nominal,2.0NRT,274.72,1.3,N
23.67683,86.40165,306.55,0.42,0.37,2026-09-16,2004,N21,nominal,2.0NRT,274.1,1.3,N
23.82474,85.49892,308.76,0.39,0.37,2026-09-16,2004,N21,nominal,2.0NRT,292.37,1.7,N
23.67411,86.39693,300.38,0.42,0.37,2026-09-16,2004,N21,nominal,2.0NRT,274.61,1.3,N
23.82204,85.49445,308.58,0.39,0.37,2026-09-16,2004,N21,nominal,2.0NRT,292.36,1.77,N
23.75845,85.85694,306.25,0.4,0.37,2026-09-16,2004,N21,nominal,2.0NRT,290.36,1.57,N
23.75575,85.85239,321.47,0.4,0.37,2026-09-16,2004,N21,nominal,2.0NRT,291.96,2.43,N
23.80449,85.53849,303.54,0.4,0.37,2026-09-16,2004,N21,nominal,2.0NRT,290.81,0.8,N
23.83945,85.30497,305.26,0.39,0.36,2026-09-16,2004,N21,nominal,2.0NRT,286.69,0.8,N
23.78865,85.55128,313.29,0.4,0.37,2026-09-16,2004,N21,nominal,2.0NRT,291.43,1.25,N
23.78801,85.55511,305.1,0.4,0.37,2026-09-16,2004,N21,nominal,2.0NRT,290.73,1.25,N
23.78469,85.55447,307.94,0.4,0.37,2026-09-16,2004,N21,nominal,2.0NRT,290.75,1.22,N
23.78086,85.57756,305.95,0.4,0.37,2026-09-16,2004,N21,nominal,2.0NRT,291.87,2.19,N
23.69729,86.07578,310.91,0.41,0.37,2026-09-16,2004,N21,nominal,2.0NRT,281.5,0.95,N
23.58212,86.72442,296.31,0.43,0.38,2026-09-16,2004,N21,nominal,2.0NRT,264.17,0.54,N
23.68235,86.09438,328.79,0.41,0.37,2026-09-16,2004,N21,nominal,2.0NRT,281.94,3.16,N
23.68302,86.09042,301.62,0.41,0.37,2026-09-16,2004,N21,nominal,2.0NRT,281.87,1.17,N
23.67693,86.08512,311.75,0.41,0.37,2026-09-16,2004,N21,nominal,2.0NRT,283.37,1.87,N
23.67164,86.11678,304.89,0.41,0.37,2026-09-16,2004,N21,nominal,2.0NRT,280.75,0.62,N
24.19805,82.715,321.35,0.4,0.37,2026-09-16,2004,N21,nominal,2.0NRT,290.73,3.3,N
23.66887,86.09167,306.87,0.41,0.37,2026-09-16,2004,N21,nominal,2.0NRT,282.65,1.22,N
23.63139,86.29408,304.11,0.41,0.37,2026-09-16,2004,N21,nominal,2.0NRT,280.66,0.84,N
23.83923,84.94717,304.38,0.39,0.36,2026-09-16,2004,N21,nominal,2.0NRT,290.34,0.75,N
24.20471,82.52632,308.65,0.41,0.37,2026-09-16,2004,N21,nominal,2.0NRT,290.56,1.1,N
23.74546,85.50424,303.38,0.4,0.37,2026-09-16,2004,N21,nominal,2.0NRT,289.77,0.81,N
24.18193,82.65998,307.56,0.4,0.37,2026-09-16,2004,N21,nominal,2.0NRT,291.55,1.5,N
24.18084,82.6437,307.8,0.4,0.37,2026-09-16,2004,N21,nominal,2.0NRT,291.67,0.93,N
24.16232,82.62853,316.42,0.4,0.37,2026-09-16,2004,N21,nominal,2.0NRT,291.51,2.15,N
24.1528,82.59875,305.33,0.4,0.37,2026-09-16,2004,N21,nominal,2.0NRT,290.62,0.93,N
23.81147,84.84515,302.03,0.39,0.36,2026-09-16,2004,N21,nominal,2.0NRT,284.89,0.91,N
24.32556,81.32915,311.02,0.45,0.39,2026-09-16,2004,N21,nominal,2.0NRT,291.29,1.06,N
23.82733,84.57115,308.41,0.38,0.36,2026-09-16,2004,N21,nominal,2.0NRT,290.09,1.24,N
23.82405,84.57054,305.52,0.38,0.36,2026-09-16,2004,N21,nominal,2.0NRT,290.3,1.24,N
23.69608,85.36933,312.99,0.39,0.36,2026-09-16,2004,N21,nominal,2.0NRT,290.45,1.68,N
23.69462,85.35725,309.23,0.39,0.36,2026-09-16,2004,N21,nominal,2.0NRT,290.41,0.81,N
23.63777,85.66289,304.78,0.4,0.37,2026-09-16,2004,N21,nominal,2.0NRT,289.99,0.54,N
23.74041,85.01054,311.31,0.39,0.36,2026-09-16,2004,N21,nominal,2.0NRT,291.04,1.76,N
23.6958,85.28683,310.96,0.39,0.36,2026-09-16,2004,N21,nominal,2.0NRT,289.01,1.04,N
23.69518,85.29065,305.21,0.39,0.36,2026-09-16,2004,N21,nominal,2.0NRT,288.71,1.28,N
23.65638,85.50761,308.8,0.4,0.37,2026-09-16,2004,N21,nominal,2.0NRT,290.59,1.33,N
23.67636,85.3223,303.42,0.39,0.36,2026-09-16,2004,N21,nominal,2.0NRT,288.55,1.02,N
23.67575,85.3261,309.68,0.39,0.36,2026-09-16,2004,N21,nominal,2.0NRT,289.15,0.97,N
23.72001,85.01056,308.42,0.39,0.36,2026-09-16,2004,N21,nominal,2.0NRT,290.03,1.29,N
23.65042,85.43931,304.59,0.39,0.37,2026-09-16,2004,N21,nominal,2.0NRT,289.37,0.8,N
23.64772,85.43484,308.59,0.39,0.37,2026-09-16,2004,N21,nominal,2.0NRT,289.43,1.1,N
23.6471,85.43867,318.06,0.39,0.37,2026-09-16,2004,N21,nominal,2.0NRT,290.52,1.98,N
23.66783,84.99675,307.15,0.39,0.36,2026-09-16,2004,N21,nominal,2.0NRT,289.78,1,N
23.66393,84.9999,307.49,0.39,0.36,2026-09-16,2004,N21,nominal,2.0NRT,290.06,1.26,N
24.76448,74.60626,307.34,0.37,0.58,2026-09-16,2004,N21,nominal,2.0NRT,287.66,1.21,N
24.66124,74.63296,305.43,0.37,0.58,2026-09-16,2004,N21,nominal,2.0NRT,288.91,1.37,N
22.87381,86.06387,301.97,0.41,0.37,2026-09-16,2004,N21,nominal,2.0NRT,273.58,0.78,N
22.80931,86.08926,297.97,0.41,0.37,2026-09-16,2004,N21,nominal,2.0NRT,276.01,1.08,N
22.79116,86.19733,314.04,0.42,0.37,2026-09-16,2004,N21,nominal,2.0NRT,283.23,2.27,N
22.78913,86.20937,303.13,0.42,0.38,2026-09-16,2004,N21,nominal,2.0NRT,282.05,1.54,N
22.80251,86.08792,304.84,0.41,0.37,2026-09-16,2004,N21,nominal,2.0NRT,277.84,1.09,N
22.80184,86.09192,302.2,0.41,0.37,2026-09-16,2004,N21,nominal,2.0NRT,280.46,1.77,N
22.37949,87.28027,298.11,0.46,0.39,2026-09-16,2004,N21,nominal,2.0NRT,270,1.39,N
22.60995,85.91238,309.74,0.41,0.37,2026-09-16,2004,N21,nominal,2.0NRT,290.03,1.41,N
22.3767,87.27509,297.78,0.46,0.39,2026-09-16,2004,N21,nominal,2.0NRT,271.96,1.39,N
22.37592,87.27953,316.47,0.46,0.39,2026-09-16,2004,N21,nominal,2.0NRT,272.73,1.39,N
23.16554,82.34228,332.04,0.4,0.37,2026-09-16,2004,N21,nominal,2.0NRT,292.36,2,N
23.16611,82.33836,314.94,0.4,0.37,2026-09-16,2004,N21,nominal,2.0NRT,291.77,2,N
22.36845,87.30102,298.82,0.46,0.39,2026-09-16,2004,N21,nominal,2.0NRT,271.71,1.33,N
23.16274,82.33778,307.78,0.4,0.37,2026-09-16,2004,N21,nominal,2.0NRT,290.99,2,N
22.36487,87.30028,313.18,0.46,0.39,2026-09-16,2004,N21,nominal,2.0NRT,272.83,1.33,N
22.36409,87.30473,298.89,0.46,0.39,2026-09-16,2004,N21,nominal,2.0NRT,271.97,1.33,N
22.59031,85.90444,306.26,0.41,0.37,2026-09-16,2004,N21,nominal,2.0NRT,290.74,1.47,N
22.57406,85.89715,321.02,0.41,0.37,2026-09-16,2004,N21,nominal,2.0NRT,292.04,2.2,N
22.57472,85.89321,310.88,0.41,0.37,2026-09-16,2004,N21,nominal,2.0NRT,291.55,2.2,N
22.36658,87.01856,307.63,0.45,0.39,2026-09-16,2004,N21,nominal,2.0NRT,278.97,1.32,N
22.36304,87.01785,308.43,0.45,0.39,2026-09-16,2004,N21,nominal,2.0NRT,281.35,1.32,N
22.05454,88.12311,303.37,0.51,0.41,2026-09-16,2004,N21,nominal,2.0NRT,272.15,1.78,N
22.31347,84.7674,306.58,0.39,0.36,2026-09-16,2004,N21,nominal,2.0NRT,290.72,1.26,N
22.21529,84.86874,308.55,0.39,0.36,2026-09-16,2004,N21,nominal,2.0NRT,291.36,1.6,N
22.21198,84.8681,323.68,0.39,0.36,2026-09-16,2004,N21,nominal,2.0NRT,290.95,1.92,N
22.21259,84.86436,311.45,0.39,0.36,2026-09-16,2004,N21,nominal,2.0NRT,291.89,1.82,N
22.21293,84.84122,309.06,0.39,0.36,2026-09-16,2004,N21,nominal,2.0NRT,291.55,1.6,N
22.20928,84.86373,308.23,0.39,0.36,2026-09-16,2004,N21,nominal,2.0NRT,291.81,1.82,N
22.20806,84.87124,306.69,0.39,0.36,2026-09-16,2004,N21,nominal,2.0NRT,291.06,1.92,N
22.20658,84.85936,334.63,0.39,0.36,2026-09-16,2004,N21,nominal,2.0NRT,291.53,2.93,N
22.20597,84.86311,309.72,0.39,0.36,2026-09-16,2004,N21,nominal,2.0NRT,290.98,2.93,N
22.20861,84.55181,309.76,0.39,0.36,2026-09-16,2004,N21,nominal,2.0NRT,292.68,1.53,N
22.20112,84.57726,306.24,0.39,0.36,2026-09-16,2004,N21,nominal,2.0NRT,292.27,1.32,N
21.92909,85.22123,309.72,0.4,0.37,2026-09-16,2004,N21,nominal,2.0NRT,277.29,1.64,N
21.92512,85.22443,313.17,0.4,0.37,2026-09-16,2004,N21,nominal,2.0NRT,279.67,1.64,N
22.33134,82.60752,321.12,0.39,0.37,2026-09-16,2004,N21,nominal,2.0NRT,292.29,3.01,N
22.32359,82.59061,309.85,0.4,0.37,2026-09-16,2004,N21,nominal,2.0NRT,292.01,1.16,N
22.32025,82.59006,321.16,0.4,0.37,2026-09-16,2004,N21,nominal,2.0NRT,292.24,2.61,N
22.35905,82.30205,336.17,0.4,0.37,2026-09-16,2004,N21,nominal,2.0NRT,293.57,6.67,N
22.32309,82.54761,307.91,0.4,0.37,2026-09-16,2004,N21,nominal,2.0NRT,293.17,1.24,N
22.32084,82.56285,309.56,0.4,0.37,2026-09-16,2004,N21,nominal,2.0NRT,292.64,1.25,N
22.32028,82.56666,307.18,0.4,0.37,2026-09-16,2004,N21,nominal,2.0NRT,292.35,1.25,N
22.35569,82.30148,322.94,0.4,0.37,2026-09-16,2004,N21,nominal,2.0NRT,292.76,2.88,N
22.3175,82.56229,322.67,0.4,0.37,2026-09-16,2004,N21,nominal,2.0NRT,293.13,3.19,N
22.31531,82.53065,308.4,0.4,0.37,2026-09-16,2004,N21,nominal,2.0NRT,293.43,0.9,N
22.31475,82.53447,307.82,0.4,0.37,2026-09-16,2004,N21,nominal,2.0NRT,292.27,0.9,N
22.31197,82.53008,306.81,0.4,0.37,2026-09-16,2004,N21,nominal,2.0NRT,292.25,0.9,N
22.06592,83.70573,317.8,0.38,0.36,2026-09-16,2004,N21,nominal,2.0NRT,292.75,1.71,N
22.0416,83.7317,311.92,0.38,0.36,2026-09-16,2004,N21,nominal,2.0NRT,292.81,1.99,N
22.03889,83.72744,305.96,0.38,0.36,2026-09-16,2004,N21,nominal,2.0NRT,292.64,1,N
22.03831,83.73112,315.89,0.38,0.36,2026-09-16,2004,N21,nominal,2.0NRT,294.08,1.48,N
22.03774,83.73481,306.25,0.38,0.36,2026-09-16,2004,N21,nominal,2.0NRT,292.77,1.48,N
22.01456,83.7534,324.6,0.38,0.36,2026-09-16,2004,N21,nominal,2.0NRT,293.65,2.73,N
22.08813,83.11729,307.92,0.39,0.36,2026-09-16,2004,N21,nominal,2.0NRT,292.05,0.9,N
22.03864,83.35238,321.88,0.39,0.36,2026-09-16,2004,N21,nominal,2.0NRT,293.5,2.26,N
22.02978,83.36601,306.79,0.39,0.36,2026-09-16,2004,N21,nominal,2.0NRT,292.55,1.18,N
21.96315,83.77483,307.48,0.38,0.36,2026-09-16,2004,N21,nominal,2.0NRT,293.2,1.99,N
21.95469,83.8074,312.54,0.38,0.36,2026-09-16,2004,N21,nominal,2.0NRT,293.16,1.94,N
21.95156,83.78412,309.88,0.38,0.36,2026-09-16,2004,N21,nominal,2.0NRT,292.68,1.44,N
21.98584,83.23285,313.24,0.39,0.36,2026-09-16,2004,N21,nominal,2.0NRT,292.95,1.47,N
21.98255,83.23227,311.12,0.39,0.36,2026-09-16,2004,N21,nominal,2.0NRT,292.93,1.47,N
21.8585,83.96804,316.51,0.38,0.36,2026-09-16,2004,N21,nominal,2.0NRT,293.87,3.51,N
21.92469,83.34056,319.45,0.39,0.36,2026-09-16,2004,N21,nominal,2.0NRT,293.95,2.6,N
21.92299,83.35165,308.26,0.39,0.36,2026-09-16,2004,N21,nominal,2.0NRT,292.54,1.43,N
21.91969,83.35107,324.04,0.39,0.36,2026-09-16,2004,N21,nominal,2.0NRT,294.87,1.9,N
21.92026,83.34737,310.64,0.39,0.36,2026-09-16,2004,N21,nominal,2.0NRT,293.24,1.9,N
21.91583,83.35419,307.28,0.39,0.36,2026-09-16,2004,N21,nominal,2.0NRT,292.92,1.38,N
21.81615,83.99513,306.86,0.38,0.36,2026-09-16,2004,N21,nominal,2.0NRT,292.4,2.1,N
21.87911,83.54853,307.36,0.38,0.36,2026-09-16,2004,N21,nominal,2.0NRT,292.3,0.74,N
21.87797,83.55589,310.11,0.38,0.36,2026-09-16,2004,N21,nominal,2.0NRT,293.06,1.04,N
22.00589,82.66988,310.27,0.39,0.36,2026-09-16,2004,N21,nominal,2.0NRT,292.65,1.74,N
22.00257,82.6693,317.58,0.39,0.36,2026-09-16,2004,N21,nominal,2.0NRT,293.25,2.5,N
21.87721,83.49519,309.88,0.38,0.36,2026-09-16,2004,N21,nominal,2.0NRT,292.74,1.03,N
21.76817,84.02055,315.64,0.38,0.36,2026-09-16,2004,N21,nominal,2.0NRT,293.19,2.39,N
21.76488,84.01996,312.39,0.38,0.36,2026-09-16,2004,N21,nominal,2.0NRT,293.13,2.39,N
21.76462,83.84966,307.96,0.38,0.36,2026-09-16,2004,N21,nominal,2.0NRT,291.05,1.47,N
21.76122,83.84504,312.03,0.38,0.36,2026-09-16,2004,N21,nominal,2.0NRT,291.09,1.27,N
21.76065,83.84872,310.44,0.38,0.36,2026-09-16,2004,N21,nominal,2.0NRT,292.16,1.36,N
21.75736,83.84813,303.99,0.38,0.36,2026-09-16,2004,N21,nominal,2.0NRT,291.74,1.36,N
21.71354,84.04081,309.34,0.38,0.36,2026-09-16,2004,N21,nominal,2.0NRT,292.82,2.17,N
21.98671,82.01536,306.67,0.41,0.37,2026-09-16,2004,N21,nominal,2.0NRT,291.25,1.59,N
21.67677,84.03795,323.21,0.38,0.36,2026-09-16,2004,N21,nominal,2.0NRT,293.75,3.86,N
21.92348,81.74863,307.68,0.41,0.37,2026-09-16,2004,N21,nominal,2.0NRT,292.17,0.84,N
21.80006,82.04181,312.72,0.4,0.37,2026-09-16,2004,N21,nominal,2.0NRT,292.19,1.5,N
21.7298,82.21558,307.4,0.4,0.37,2026-09-16,2004,N21,nominal,2.0NRT,291.22,0.51,N
21.67189,82.07999,309.44,0.4,0.37,2026-09-16,2004,N21,nominal,2.0NRT,292.36,2.19,N
21.00105,86.02584,310.99,0.43,0.38,2026-09-16,2004,N21,nominal,2.0NRT,292.82,2.12,N
20.99899,86.01704,307.75,0.43,0.38,2026-09-16,2004,N21,nominal,2.0NRT,292.79,1.81,N
20.97003,86.01983,323.19,0.43,0.38,2026-09-16,2004,N21,nominal,2.0NRT,293.06,2.22,N
20.97283,86.00359,315.34,0.43,0.38,2026-09-16,2004,N21,nominal,2.0NRT,293.24,3.04,N
20.96511,86.04823,310.36,0.43,0.38,2026-09-16,2004,N21,nominal,2.0NRT,292.7,1.54,N
20.97371,86.0051,309.72,0.43,0.38,2026-09-16,2004,N21,nominal,2.0NRT,293.42,1.93,N
20.97097,86.02135,314.12,0.43,0.38,2026-09-16,2004,N21,nominal,2.0NRT,292.79,1.97,N
20.97026,86.00443,320.05,0.43,0.38,2026-09-16,2004,N21,nominal,2.0NRT,293.74,1.93,N
20.96889,86.01254,336.68,0.43,0.38,2026-09-16,2004,N21,nominal,2.0NRT,294.44,6.26,N
20.96752,86.02068,312.89,0.43,0.38,2026-09-16,2004,N21,nominal,2.0NRT,292.85,1.97,N
20.96272,86.04915,314.08,0.43,0.38,2026-09-16,2004,N21,nominal,2.0NRT,292.69,1.77,N
20.96545,86.01186,324.03,0.43,0.38,2026-09-16,2004,N21,nominal,2.0NRT,293.42,3.07,N
20.96682,86.00373,307.16,0.43,0.38,2026-09-16,2004,N21,nominal,2.0NRT,293.73,1.08,N
20.96269,86.00712,333.08,0.43,0.38,2026-09-16,2004,N21,nominal,2.0NRT,293.46,3.07,N
20.962,86.01118,307.3,0.43,0.38,2026-09-16,2004,N21,nominal,2.0NRT,292.91,3.07,N
20.95237,86.04713,332.09,0.43,0.38,2026-09-16,2004,N21,nominal,2.0NRT,293.28,5.54,N
21.6224,81.79399,308.79,0.41,0.37,2026-09-16,2004,N21,nominal,2.0NRT,291.95,0.8,N
20.95306,86.04305,315.64,0.43,0.38,2026-09-16,2004,N21,nominal,2.0NRT,292.15,1.38,N
20.93924,86.06148,306.9,0.43,0.38,2026-09-16,2004,N21,nominal,2.0NRT,293.01,0.84,N
21.57535,82.02122,308.53,0.4,0.37,2026-09-16,2004,N21,nominal,2.0NRT,292.42,1.4,N
21.07945,85.03506,324.2,0.4,0.37,2026-09-16,2004,N21,nominal,2.0NRT,293.29,2.07,N
21.07882,85.03886,310.98,0.4,0.37,2026-09-16,2004,N21,nominal,2.0NRT,291.86,2.07,N
21.07819,85.04265,310.77,0.4,0.37,2026-09-16,2004,N21,nominal,2.0NRT,291.47,1.71,N
21.07548,85.03822,316.13,0.4,0.37,2026-09-16,2004,N21,nominal,2.0NRT,292.59,2.07,N
21.07485,85.04202,311.37,0.4,0.37,2026-09-16,2004,N21,nominal,2.0NRT,290.99,1.71,N
21.50078,81.81106,307.54,0.41,0.37,2026-09-16,2004,N21,nominal,2.0NRT,291.96,0.51,N
20.97561,85.16992,324.24,0.4,0.37,2026-09-16,2004,N21,nominal,2.0NRT,291.82,4.11,N
20.98129,85.13547,311.59,0.4,0.37,2026-09-16,2004,N21,nominal,2.0NRT,291.48,1.96,N
20.97497,85.17376,314.13,0.4,0.37,2026-09-16,2004,N21,nominal,2.0NRT,291.26,2.43,N
20.97793,85.13484,312.24,0.4,0.37,2026-09-16,2004,N21,nominal,2.0NRT,292.42,1.96,N
20.97099,85.17693,317.74,0.4,0.37,2026-09-16,2004,N21,nominal,2.0NRT,291.52,2.43,N
20.96826,85.17246,331.14,0.4,0.37,2026-09-16,2004,N21,nominal,2.0NRT,292.05,3.15,N
20.96763,85.1763,325.65,0.4,0.37,2026-09-16,2004,N21,nominal,2.0NRT,291.43,3.15,N
20.96889,85.16865,307.88,0.4,0.37,2026-09-16,2004,N21,nominal,2.0NRT,291.12,1.43,N
20.96237,85.18717,338.67,0.4,0.37,2026-09-16,2004,N21,nominal,2.0NRT,292.4,8.1,N
20.96807,85.15269,310.46,0.4,0.37,2026-09-16,2004,N21,nominal,2.0NRT,291.58,2.86,N
20.96617,85.16418,307.18,0.4,0.37,2026-09-16,2004,N21,nominal,2.0NRT,291.34,1.43,N
20.96554,85.168,316.49,0.4,0.37,2026-09-16,2004,N21,nominal,2.0NRT,291.45,1.43,N
20.9649,85.17182,309.91,0.4,0.37,2026-09-16,2004,N21,nominal,2.0NRT,291.51,3.15,N
20.96364,85.1795,310.62,0.4,0.37,2026-09-16,2004,N21,nominal,2.0NRT,291.34,2.06,N
20.96301,85.18333,318.48,0.4,0.37,2026-09-16,2004,N21,nominal,2.0NRT,291.67,2.06,N
20.96155,85.1712,321.36,0.4,0.37,2026-09-16,2004,N21,nominal,2.0NRT,291.95,4.36,N
20.96282,85.16354,307.66,0.4,0.37,2026-09-16,2004,N21,nominal,2.0NRT,291.42,2.02,N
20.96218,85.16737,317.15,0.4,0.37,2026-09-16,2004,N21,nominal,2.0NRT,292.13,2.02,N
21.48613,81.76858,314.61,0.41,0.37,2026-09-16,2004,N21,nominal,2.0NRT,293.13,1.23,N
21.45675,81.80383,306.98,0.41,0.37,2026-09-16,2004,N21,nominal,2.0NRT,292.36,0.79,N
20.95725,85.00908,308.15,0.4,0.37,2026-09-16,2004,N21,nominal,2.0NRT,289.14,1.44,N
20.95662,85.01289,311.63,0.4,0.37,2026-09-16,2004,N21,nominal,2.0NRT,289.69,2.2,N
20.88736,84.98036,311.47,0.4,0.37,2026-09-16,2004,N21,nominal,2.0NRT,290.2,2.34,N
20.88674,84.98416,313.28,0.4,0.37,2026-09-16,2004,N21,nominal,2.0NRT,290.9,1.82,N
20.8834,84.98352,321.82,0.4,0.37,2026-09-16,2004,N21,nominal,2.0NRT,290.91,2.34,N
21.38801,81.6482,307.45,0.41,0.37,2026-09-16,2004,N21,nominal,2.0NRT,292.65,0.88,N
20.86878,84.98857,308.3,0.4,0.37,2026-09-16,2004,N21,nominal,2.0NRT,291.87,1.55,N
20.86815,84.99239,312.33,0.4,0.37,2026-09-16,2004,N21,nominal,2.0NRT,291.54,1.55,N
20.86481,84.99178,324.47,0.4,0.37,2026-09-16,2004,N21,nominal,2.0NRT,291.53,1.55,N
21.37611,81.68251,316.63,0.41,0.37,2026-09-16,2004,N21,nominal,2.0NRT,292.9,1.49,N
20.86543,84.98796,311.51,0.4,0.37,2026-09-16,2004,N21,nominal,2.0NRT,291.52,1.55,N
20.86418,84.9956,316.52,0.4,0.37,2026-09-16,2004,N21,nominal,2.0NRT,291.3,3.39,N
21.37328,81.67804,311.87,0.41,0.37,2026-09-16,2004,N21,nominal,2.0NRT,293.09,1.24,N
21.37214,81.68589,310.21,0.41,0.37,2026-09-16,2004,N21,nominal,2.0NRT,292.61,1.49,N
20.86209,84.98735,313.85,0.4,0.37,2026-09-16,2004,N21,nominal,2.0NRT,290.6,1.33,N
21.37497,81.64204,309.19,0.41,0.37,2026-09-16,2004,N21,nominal,2.0NRT,292.98,1.52,N
21.36648,81.67693,307.57,0.41,0.37,2026-09-16,2004,N21,nominal,2.0NRT,292.55,0.43,N
20.80694,85.25725,317.01,0.41,0.37,2026-09-16,2004,N21,nominal,2.0NRT,292.75,3.16,N
20.79956,85.25982,308.64,0.41,0.37,2026-09-16,2004,N21,nominal,2.0NRT,292.27,1.91,N
21.35288,81.67471,307.19,0.41,0.37,2026-09-16,2004,N21,nominal,2.0NRT,292.27,0.5,N
20.79619,85.25918,309.84,0.41,0.37,2026-09-16,2004,N21,nominal,2.0NRT,292.7,2.52,N
20.79347,85.25468,332.31,0.41,0.37,2026-09-16,2004,N21,nominal,2.0NRT,293.47,6.47,N
20.78816,85.26563,308.42,0.41,0.37,2026-09-16,2004,N21,nominal,2.0NRT,292.58,1.91,N
20.78479,85.26501,320.46,0.41,0.37,2026-09-16,2004,N21,nominal,2.0NRT,293.34,1.91,N
21.34381,81.66517,308.81,0.41,0.37,2026-09-16,2004,N21,nominal,2.0NRT,292.78,1.72,N
20.78544,85.26115,313.41,0.41,0.37,2026-09-16,2004,N21,nominal,2.0NRT,293.67,3.71,N
21.37134,81.44672,308.05,0.42,0.37,2026-09-16,2004,N21,nominal,2.0NRT,292.55,0.78,N
20.76059,85.2972,320.81,0.41,0.37,2026-09-16,2004,N21,nominal,2.0NRT,293.42,2.23,N
20.76123,85.29335,314.09,0.41,0.37,2026-09-16,2004,N21,nominal,2.0NRT,292.93,2.23,N
21.30841,81.59179,310.03,0.41,0.37,2026-09-16,2004,N21,nominal,2.0NRT,292.83,1.16,N
21.24442,81.76999,306.44,0.41,0.37,2026-09-16,2004,N21,nominal,2.0NRT,292.73,1.08,N
21.19363,81.39154,308.91,0.42,0.37,2026-09-16,2004,N21,nominal,2.0NRT,293.33,1.22,N
21.18106,81.38135,310.22,0.42,0.38,2026-09-16,2004,N21,nominal,2.0NRT,292.76,1.26,N
21.18938,81.19746,308.14,0.42,0.38,2026-09-16,2004,N21,nominal,2.0NRT,292.86,0.8,N
21.33515,78.96735,318.37,0.54,0.42,2026-09-16,2004,N21,nominal,2.0NRT,292.58,3.27,N
21.24397,79.22236,311.28,0.52,0.42,2026-09-16,2004,N21,nominal,2.0NRT,293.06,1.83,N
20.70411,78.61971,305.93,0.55,0.43,2026-09-16,2004,N21,nominal,2.0NRT,292.79,1.72,N
21.27078,72.86748,312.73,0.44,0.62,2026-09-16,2004,N21,nominal,2.0NRT,287.61,1.94,N
21.11076,72.63569,304.28,0.45,0.63,2026-09-16,2004,N21,nominal,2.0NRT,287.98,2.41,N
21.10422,72.64373,342.27,0.45,0.63,2026-09-16,2004,N21,nominal,2.0NRT,288.06,5.17,N
21.1046,72.63942,303.53,0.45,0.63,2026-09-16,2004,N21,nominal,2.0NRT,287.36,5.17,N
21.10384,72.64803,315.2,0.45,0.63,2026-09-16,2004,N21,nominal,2.0NRT,288,7.6,N
21.10888,72.64607,313.11,0.45,0.63,2026-09-16,2004,N21,nominal,2.0NRT,288.02,3.66,N
21.1031,72.64552,349,0.45,0.63,2026-09-16,2004,N21,nominal,2.0NRT,287.88,5.78,N
21.10351,72.64121,305.27,0.45,0.63,2026-09-16,2004,N21,nominal,2.0NRT,287.29,5.78,N
19.963,79.3345,326.74,0.5,0.41,2026-09-16,2004,N21,nominal,2.0NRT,293.92,3.52,N
19.78624,79.0647,306.17,0.51,0.41,2026-09-16,2004,N21,nominal,2.0NRT,293.06,1.28,N
19.10279,82.16978,307.01,0.39,0.36,2026-09-16,2004,N21,nominal,2.0NRT,287.45,0.93,N
19.09616,82.16869,319.78,0.39,0.36,2026-09-16,2004,N21,nominal,2.0NRT,285.77,1.54,N
19.09285,82.16814,311.8,0.39,0.36,2026-09-16,2004,N21,nominal,2.0NRT,284.65,0.8,N
19.09229,82.17181,301.75,0.39,0.36,2026-09-16,2004,N21,nominal,2.0NRT,283.68,0.8,N
19.08898,82.17126,300.48,0.39,0.36,2026-09-16,2004,N21,nominal,2.0NRT,282.17,0.8,N
18.71906,79.53761,305.41,0.47,0.4,2026-09-16,2004,N21,nominal,2.0NRT,288.51,1.76,N
19.37174,71.35546,326.22,0.52,0.67,2026-09-16,2006,N21,nominal,2.0NRT,287.54,3.68,N
19.37219,71.35051,315.83,0.52,0.67,2026-09-16,2006,N21,nominal,2.0NRT,287.53,3.68,N
17.62367,83.19621,298.78,0.39,0.36,2026-09-16,2006,N21,nominal,2.0NRT,272.58,0.9,N
17.95925,80.79068,307.04,0.41,0.37,2026-09-16,2006,N21,nominal,2.0NRT,292.01,2.63,N
17.95868,80.79456,307.51,0.41,0.37,2026-09-16,2006,N21,nominal,2.0NRT,292.97,1.37,N
17.95811,80.79842,309.83,0.41,0.37,2026-09-16,2006,N21,nominal,2.0NRT,292.99,1.37,N
17.95527,80.79401,309.89,0.41,0.37,2026-09-16,2006,N21,nominal,2.0NRT,293.42,1.37,N
17.46409,80.65588,311.45,0.41,0.37,2026-09-16,2006,N21,nominal,2.0NRT,293.51,1.56,N
16.8166,80.86457,304.96,0.4,0.37,2026-09-16,2006,N21,nominal,2.0NRT,291.12,1.09,N
17.14396,78.22529,305.4,0.53,0.42,2026-09-16,2006,N21,nominal,2.0NRT,291.14,0.86,N
17.14529,78.22315,303.04,0.53,0.42,2026-09-16,2006,N21,nominal,2.0NRT,290.6,0.98,N
16.8698,80.02036,308.33,0.43,0.38,2026-09-16,2006,N21,nominal,2.0NRT,294.35,3.54,N
17.15944,77.29334,306.34,0.4,0.44,2026-09-16,2006,N21,nominal,2.0NRT,292.35,1.26,N
17.13991,77.18456,311.27,0.4,0.45,2026-09-16,2006,N21,nominal,2.0NRT,293.56,1.62,N
17.06303,76.9786,311.55,0.42,0.45,2026-09-16,2006,N21,nominal,2.0NRT,293.71,2.93,N
39.86232,98.25256,310.01,0.54,0.51,2026-09-16,1957,N21,nominal,2.0NRT,287.28,2.87,N
39.84172,98.27717,303.11,0.54,0.51,2026-09-16,1957,N21,nominal,2.0NRT,284.76,0.98,N
39.81359,98.29204,303.91,0.54,0.51,2026-09-16,1957,N21,nominal,2.0NRT,289.61,2.57,N
39.81063,98.284,295.61,0.54,0.51,2026-09-16,1957,N21,nominal,2.0NRT,285.27,1.01,N
39.78686,98.3009,296.04,0.54,0.51,2026-09-16,1957,N21,nominal,2.0NRT,285.75,0.66,N
39.79381,97.88743,298.09,0.52,0.5,2026-09-16,1957,N21,nominal,2.0NRT,284.82,1.76,N
39.78946,97.88554,303.65,0.52,0.5,2026-09-16,1957,N21,nominal,2.0NRT,285.11,1.76,N
39.83935,82.87929,310.14,0.55,0.43,2026-09-16,2000,N21,nominal,2.0NRT,287.12,1.94,N
37.3455,97.40833,297.35,0.56,0.52,2026-09-16,2000,N21,nominal,2.0NRT,278.73,1.75,N
39.90805,78.94949,295.3,0.59,0.53,2026-09-16,2000,N21,nominal,2.0NRT,284.81,0.89,N
22.338,69.85641,302.93,0.46,0.64,2026-09-16,2144,N21,nominal,2.0NRT,287.4,2.58,N
33.26847,71.30912,320.84,0.32,0.55,2026-09-16,2142,N21,nominal,2.0NRT,289.94,1.96,N
33.2971,71.18851,304.18,0.63,0.54,2026-09-16,2142,N21,nominal,2.0NRT,289.07,0.93,N
33.26772,71.31235,309.33,0.32,0.55,2026-09-16,2142,N21,nominal,2.0NRT,289.11,1.47,N
35.35432,60.21679,302.72,0.4,0.37,2026-09-16,2142,N21,nominal,2.0NRT,288.88,1.1,N
35.36692,59.30667,310.19,0.42,0.38,2026-09-16,2142,N21,nominal,2.0NRT,287.49,1.34,N
35.24743,59.25678,297.33,0.42,0.38,2026-09-16,2142,N21,nominal,2.0NRT,287,0.67,N
33.75437,59.1473,311.18,0.42,0.37,2026-09-16,2142,N21,nominal,2.0NRT,286.75,1.54,N
33.75096,59.14664,295.16,0.42,0.37,2026-09-16,2142,N21,nominal,2.0NRT,284.66,0.47,N
33.62871,59.17105,307.3,0.41,0.37,2026-09-16,2142,N21,nominal,2.0NRT,289.65,0.86,N
32.92475,60.2341,299.09,0.39,0.36,2026-09-16,2142,N21,nominal,2.0NRT,289.01,1.26,N
33.04282,56.85005,308.99,0.5,0.41,2026-09-16,2142,N21,nominal,2.0NRT,294.93,2.02,N
32.33439,54.08445,300.09,0.46,0.47,2026-09-16,2142,N21,nominal,2.0NRT,289.44,0.99,N
31.93854,54.04496,305.07,0.45,0.47,2026-09-16,2144,N21,nominal,2.0NRT,293.65,1.22,N
39.85194,66.1999,303.49,0.42,0.38,2026-09-16,2140,N21,nominal,2.0NRT,289.85,1.51,N
39.20103,66.83849,301.55,0.44,0.39,2026-09-16,2140,N21,nominal,2.0NRT,289.81,1.22,N
31.85056,54.28773,309.03,0.44,0.46,2026-09-16,2144,N21,nominal,2.0NRT,296.01,1.69,N
39.63285,63.27542,301.32,0.38,0.36,2026-09-16,2140,N21,nominal,2.0NRT,288.73,0.39,N
39.18188,65.31105,312.35,0.4,0.37,2026-09-16,2140,N21,nominal,2.0NRT,289.85,0.93,N
39.30345,62.97652,302.71,0.38,0.36,2026-09-16,2140,N21,nominal,2.0NRT,290.98,1.04,N
31.62379,54.72605,307.56,0.41,0.45,2026-09-16,2144,N21,nominal,2.0NRT,292.43,0.85,N
39.2821,63.04892,308.62,0.38,0.36,2026-09-16,2140,N21,nominal,2.0NRT,290.84,0.58,N
39.25034,63.21005,310.27,0.38,0.36,2026-09-16,2140,N21,nominal,2.0NRT,289.67,1.19,N
39.24965,63.21445,303.65,0.38,0.36,2026-09-16,2140,N21,nominal,2.0NRT,289.38,1.02,N
39.24926,63.1732,305.87,0.38,0.36,2026-09-16,2140,N21,nominal,2.0NRT,289.52,1.02,N
39.20178,63.23549,309.21,0.38,0.36,2026-09-16,2140,N21,nominal,2.0NRT,290.1,0.66,N
39.17994,63.35323,309.52,0.38,0.36,2026-09-16,2140,N21,nominal,2.0NRT,290.97,0.8,N
39.19745,63.19781,308.78,0.38,0.36,2026-09-16,2140,N21,nominal,2.0NRT,288.93,1.28,N
39.19608,63.2066,301.77,0.38,0.36,2026-09-16,2140,N21,nominal,2.0NRT,288.1,0.39,N
39.18579,63.27249,302.79,0.38,0.36,2026-09-16,2140,N21,nominal,2.0NRT,288.84,0.41,N
39.17323,63.28752,304.62,0.38,0.36,2026-09-16,2140,N21,nominal,2.0NRT,289.76,0.75,N
39.17064,63.28228,303.5,0.38,0.36,2026-09-16,2140,N21,nominal,2.0NRT,290.1,0.52,N
39.16822,63.25425,326.2,0.38,0.36,2026-09-16,2140,N21,nominal,2.0NRT,291.98,2.43,N
39.16753,63.25864,305.6,0.38,0.36,2026-09-16,2140,N21,nominal,2.0NRT,289.62,1.07,N
39.16358,63.2622,303.35,0.38,0.36,2026-09-16,2140,N21,nominal,2.0NRT,289.09,1.07,N
39.15464,63.31927,315.55,0.38,0.36,2026-09-16,2140,N21,nominal,2.0NRT,290.71,1.63,N
39.1329,63.41415,301.19,0.38,0.36,2026-09-16,2140,N21,nominal,2.0NRT,288.83,0.8,N
39.12527,63.46244,301.96,0.38,0.36,2026-09-16,2140,N21,nominal,2.0NRT,289.5,0.62,N
38.70998,65.89339,326.87,0.42,0.38,2026-09-16,2140,N21,nominal,2.0NRT,289.88,3.29,N
39.12893,63.41769,317.05,0.38,0.36,2026-09-16,2140,N21,nominal,2.0NRT,290.06,1.96,N
38.6859,65.98675,324.35,0.42,0.38,2026-09-16,2140,N21,nominal,2.0NRT,290.31,1.5,N
38.68249,65.98576,300.56,0.42,0.38,2026-09-16,2140,N21,nominal,2.0NRT,289.83,1.5,N
39.11604,63.39149,300.73,0.38,0.36,2026-09-16,2140,N21,nominal,2.0NRT,289.06,0.55,N
39.12588,63.30727,314.9,0.38,0.36,2026-09-16,2140,N21,nominal,2.0NRT,290.33,1.49,N
38.67751,65.95403,299.96,0.42,0.38,2026-09-16,2140,N21,nominal,2.0NRT,289,0.4,N
39.10742,63.40296,301.94,0.38,0.36,2026-09-16,2140,N21,nominal,2.0NRT,288.94,0.77,N
39.11452,63.3363,305.34,0.38,0.36,2026-09-16,2140,N21,nominal,2.0NRT,290.2,1.01,N
39.0863,63.49341,298.99,0.38,0.36,2026-09-16,2140,N21,nominal,2.0NRT,288.63,0.34,N
39.08512,63.4794,305.26,0.38,0.36,2026-09-16,2140,N21,nominal,2.0NRT,288.38,0.74,N
39.07885,63.51889,301.24,0.38,0.36,2026-09-16,2140,N21,nominal,2.0NRT,288.38,0.47,N
39.03723,63.60613,304.51,0.38,0.36,2026-09-16,2140,N21,nominal,2.0NRT,290.27,0.73,N
30.7555,56.65659,314.07,0.48,0.4,2026-09-16,2144,N21,nominal,2.0NRT,294.28,2.5,N
39.00379,63.53803,308.14,0.38,0.36,2026-09-16,2140,N21,nominal,2.0NRT,291.46,0.68,N
30.15461,60.73405,311.41,0.38,0.36,2026-09-16,2144,N21,nominal,2.0NRT,295.92,1.29,N
38.97179,63.65294,299.41,0.39,0.36,2026-09-16,2140,N21,nominal,2.0NRT,288.83,0.58,N
38.9711,63.59335,304.34,0.38,0.36,2026-09-16,2140,N21,nominal,2.0NRT,289.19,0.54,N
38.97429,63.46643,311.96,0.38,0.36,2026-09-16,2140,N21,nominal,2.0NRT,290.65,1.64,N
30.66696,56.61966,308.59,0.48,0.4,2026-09-16,2144,N21,nominal,2.0NRT,287.96,1.17,N
38.55016,65.94953,311.81,0.42,0.38,2026-09-16,2140,N21,nominal,2.0NRT,289.88,0.85,N
38.91614,63.80758,305.26,0.39,0.36,2026-09-16,2140,N21,nominal,2.0NRT,289.05,0.63,N
38.90845,63.7918,307.99,0.39,0.36,2026-09-16,2140,N21,nominal,2.0NRT,290.09,0.95,N
38.70372,64.91888,309.58,0.4,0.37,2026-09-16,2140,N21,nominal,2.0NRT,289.61,1.06,N
38.87734,63.7719,305.12,0.39,0.36,2026-09-16,2140,N21,nominal,2.0NRT,288.52,0.68,N
38.87308,63.79824,313.15,0.39,0.36,2026-09-16,2140,N21,nominal,2.0NRT,289.21,1.15,N
38.83989,63.87649,302,0.39,0.36,2026-09-16,2140,N21,nominal,2.0NRT,289.82,0.51,N
38.66567,64.77576,301.81,0.4,0.37,2026-09-16,2140,N21,nominal,2.0NRT,289.61,0.27,N
38.78542,63.91701,308.08,0.39,0.36,2026-09-16,2140,N21,nominal,2.0NRT,287.93,0.85,N
38.45576,65.80454,303.42,0.42,0.38,2026-09-16,2140,N21,nominal,2.0NRT,291.28,0.87,N
38.71043,63.93524,302.78,0.39,0.36,2026-09-16,2140,N21,nominal,2.0NRT,289.33,0.48,N
38.65185,63.97928,310.1,0.39,0.36,2026-09-16,2140,N21,nominal,2.0NRT,288.94,1.28,N
38.05007,67.26193,326.78,0.48,0.4,2026-09-16,2140,N21,nominal,2.0NRT,287.33,5.46,N
38.04903,67.26733,316.22,0.48,0.4,2026-09-16,2140,N21,nominal,2.0NRT,286.61,5.46,N
38.40194,64.4101,299.37,0.39,0.36,2026-09-16,2140,N21,nominal,2.0NRT,288.68,0.52,N
38.07625,65.76435,305.6,0.42,0.38,2026-09-16,2140,N21,nominal,2.0NRT,289.15,0.7,N
38.20786,64.7418,310.05,0.4,0.37,2026-09-16,2140,N21,nominal,2.0NRT,288.95,1.18,N
38.24596,64.43879,303.14,0.39,0.37,2026-09-16,2140,N21,nominal,2.0NRT,290.11,0.9,N
38.16546,64.59171,299.07,0.4,0.37,2026-09-16,2140,N21,nominal,2.0NRT,288.82,0.78,N
38.1647,64.59618,300.91,0.4,0.37,2026-09-16,2140,N21,nominal,2.0NRT,288.39,0.36,N
38.13022,64.67577,308.71,0.4,0.37,2026-09-16,2140,N21,nominal,2.0NRT,289.6,1.33,N
38.11939,64.73862,298.75,0.4,0.37,2026-09-16,2140,N21,nominal,2.0NRT,288.57,0.32,N
38.05123,65.10942,305.94,0.41,0.37,2026-09-16,2140,N21,nominal,2.0NRT,290.53,1.12,N
38.1174,64.70982,302,0.4,0.37,2026-09-16,2140,N21,nominal,2.0NRT,289.54,0.64,N
38.08929,64.87204,299.12,0.4,0.37,2026-09-16,2140,N21,nominal,2.0NRT,288.46,0.63,N
37.69264,66.98518,315.21,0.47,0.4,2026-09-16,2140,N21,nominal,2.0NRT,292.25,2.39,N
37.6916,66.99049,318.64,0.47,0.4,2026-09-16,2140,N21,nominal,2.0NRT,291.83,2.39,N
37.9312,65.64088,305.07,0.42,0.38,2026-09-16,2140,N21,nominal,2.0NRT,289.94,1.15,N
38.05437,64.88378,319.5,0.4,0.37,2026-09-16,2140,N21,nominal,2.0NRT,290.9,1.47,N
37.97009,65.04607,299.43,0.41,0.37,2026-09-16,2140,N21,nominal,2.0NRT,288.85,0.42,N
37.96645,65.00679,305.61,0.41,0.37,2026-09-16,2140,N21,nominal,2.0NRT,288.97,1.08,N
37.90245,65.10564,309.06,0.41,0.37,2026-09-16,2140,N21,nominal,2.0NRT,289.37,0.99,N
37.88809,65.08718,307,0.41,0.37,2026-09-16,2140,N21,nominal,2.0NRT,289.59,1.11,N
37.83003,65.17673,307.6,0.41,0.37,2026-09-16,2140,N21,nominal,2.0NRT,289.96,1.11,N
37.82413,65.17023,306.88,0.41,0.37,2026-09-16,2140,N21,nominal,2.0NRT,289.7,1.05,N
37.81832,65.18307,299.72,0.41,0.37,2026-09-16,2140,N21,nominal,2.0NRT,288.61,0.56,N
37.78702,65.35861,303,0.42,0.37,2026-09-16,2140,N21,nominal,2.0NRT,290.58,0.48,N
37.76688,65.43113,300.94,0.42,0.38,2026-09-16,2140,N21,nominal,2.0NRT,289.32,0.64,N
37.80323,65.18848,301.14,0.41,0.37,2026-09-16,2140,N21,nominal,2.0NRT,289.41,0.83,N
37.80241,65.19308,299.62,0.41,0.37,2026-09-16,2140,N21,nominal,2.0NRT,288.83,0.7,N
37.73302,65.50011,300.57,0.42,0.38,2026-09-16,2140,N21,nominal,2.0NRT,290.41,0.47,N
37.96213,62.66421,312.44,0.38,0.36,2026-09-16,2140,N21,nominal,2.0NRT,290.48,0.86,N
37.95886,62.6634,302.05,0.38,0.36,2026-09-16,2140,N21,nominal,2.0NRT,288.65,0.86,N
37.9887,61.87988,321.22,0.39,0.36,2026-09-16,2140,N21,nominal,2.0NRT,291.01,2.29,N
37.98475,61.88349,308.74,0.39,0.36,2026-09-16,2140,N21,nominal,2.0NRT,290.54,1.41,N
37.79907,62.55008,315.34,0.38,0.36,2026-09-16,2140,N21,nominal,2.0NRT,288.29,1.79,N
37.7958,62.54928,325.98,0.38,0.36,2026-09-16,2140,N21,nominal,2.0NRT,289.27,3.17,N
37.78729,62.53825,336.84,0.38,0.36,2026-09-16,2140,N21,nominal,2.0NRT,292.8,4.29,N
37.78795,62.53393,312.14,0.38,0.36,2026-09-16,2140,N21,nominal,2.0NRT,288.44,1.6,N
37.78215,62.52534,308.61,0.38,0.36,2026-09-16,2140,N21,nominal,2.0NRT,288.87,1.14,N
38.68043,54.31281,320.66,0.52,0.5,2026-09-16,2140,N21,nominal,2.0NRT,293.33,2.23,N
37.77505,62.10213,310.43,0.39,0.36,2026-09-16,2140,N21,nominal,2.0NRT,289.92,1.06,N
37.84528,61.6031,306.64,0.39,0.36,2026-09-16,2140,N21,nominal,2.0NRT,289.83,0.76,N
37.77559,62.03028,311.28,0.39,0.36,2026-09-16,2140,N21,nominal,2.0NRT,288.19,1.68,N
38.64558,54.28408,329.49,0.52,0.5,2026-09-16,2140,N21,nominal,2.0NRT,292.86,3.34,N
30.37017,56.12642,303.52,0.51,0.41,2026-09-16,2144,N21,nominal,2.0NRT,289.07,0.96,N
38.64605,54.27805,311.4,0.52,0.5,2026-09-16,2140,N21,nominal,2.0NRT,292.41,3.34,N
37.74356,62.13058,315.35,0.39,0.36,2026-09-16,2140,N21,nominal,2.0NRT,289.81,2.12,N
37.74174,62.07314,312.56,0.39,0.36,2026-09-16,2140,N21,nominal,2.0NRT,288.29,1.43,N
38.64594,54.28206,339.93,0.52,0.5,2026-09-16,2140,N21,nominal,2.0NRT,293.96,6.99,N
28.05066,69.36722,305.16,0.32,0.55,2026-09-16,2144,N21,nominal,2.0NRT,293.13,1.04,N
37.72467,62.09604,318.71,0.39,0.36,2026-09-16,2140,N21,nominal,2.0NRT,290.12,1.83,N
37.75055,61.8545,310.96,0.39,0.36,2026-09-16,2140,N21,nominal,2.0NRT,288.47,1.16,N
37.7961,61.49758,315.16,0.39,0.36,2026-09-16,2140,N21,nominal,2.0NRT,291.21,1.13,N
30.37881,55.86246,304.62,0.52,0.42,2026-09-16,2144,N21,nominal,2.0NRT,289.88,1.15,N
37.74525,61.84423,302.57,0.39,0.36,2026-09-16,2140,N21,nominal,2.0NRT,289.53,0.95,N
37.66959,62.23542,318.52,0.39,0.36,2026-09-16,2140,N21,nominal,2.0NRT,289.33,1.36,N
37.66894,62.23974,301.61,0.39,0.36,2026-09-16,2140,N21,nominal,2.0NRT,287.68,1.36,N
30.32393,56.2253,301.8,0.5,0.41,2026-09-16,2144,N21,nominal,2.0NRT,289.08,1.2,N
38.26119,57.65566,307.62,0.52,0.42,2026-09-16,2140,N21,nominal,2.0NRT,294.71,2.01,N
37.66238,62.23817,297.58,0.39,0.36,2026-09-16,2140,N21,nominal,2.0NRT,287.37,0.45,N
30.23551,56.91079,310.73,0.46,0.39,2026-09-16,2144,N21,nominal,2.0NRT,289.28,1.19,N
38.2203,57.98846,314.62,0.51,0.41,2026-09-16,2140,N21,nominal,2.0NRT,292.41,2.11,N
37.65844,62.24171,308.77,0.39,0.36,2026-09-16,2140,N21,nominal,2.0NRT,288.21,0.96,N
30.23192,56.91019,302.27,0.46,0.39,2026-09-16,2144,N21,nominal,2.0NRT,289.74,1.12,N
37.65516,62.24092,301.53,0.39,0.36,2026-09-16,2140,N21,nominal,2.0NRT,287.19,0.96,N
37.70353,61.78031,298.32,0.39,0.36,2026-09-16,2140,N21,nominal,2.0NRT,287.77,0.5,N
30.19288,57.1599,300.12,0.45,0.39,2026-09-16,2144,N21,nominal,2.0NRT,286.17,0.73,N
37.63676,62.20518,319.74,0.39,0.36,2026-09-16,2140,N21,nominal,2.0NRT,289.1,2.03,N
37.62823,62.21658,307.19,0.39,0.36,2026-09-16,2140,N21,nominal,2.0NRT,290.02,1.35,N
37.62561,62.21148,309.84,0.39,0.36,2026-09-16,2140,N21,nominal,2.0NRT,290.79,1.68,N
37.62491,62.17101,328.07,0.39,0.36,2026-09-16,2140,N21,nominal,2.0NRT,291.9,1.82,N
37.65966,61.89358,297.96,0.39,0.36,2026-09-16,2140,N21,nominal,2.0NRT,287.54,0.35,N
30.32325,55.97417,301.19,0.51,0.41,2026-09-16,2144,N21,nominal,2.0NRT,289.68,0.85,N
37.62513,62.12349,303.78,0.39,0.36,2026-09-16,2140,N21,nominal,2.0NRT,288.69,0.76,N
30.32315,55.97255,300.58,0.51,0.41,2026-09-16,2144,N21,nominal,2.0NRT,289.23,0.82,N
37.62447,62.12782,299.92,0.39,0.36,2026-09-16,2140,N21,nominal,2.0NRT,288.88,0.65,N
37.65441,61.90586,322.77,0.39,0.36,2026-09-16,2140,N21,nominal,2.0NRT,291.78,2.4,N
37.61923,62.14001,310.17,0.39,0.36,2026-09-16,2140,N21,nominal,2.0NRT,291.19,2.01,N
37.62952,61.95848,304.31,0.39,0.36,2026-09-16,2140,N21,nominal,2.0NRT,290.55,0.92,N
37.63016,61.72439,308.97,0.39,0.36,2026-09-16,2140,N21,nominal,2.0NRT,289.34,0.98,N
37.80553,60.32973,300.43,0.41,0.37,2026-09-16,2142,N21,nominal,2.0NRT,289.32,0.74,N
37.60504,61.70955,301.09,0.39,0.36,2026-09-16,2142,N21,nominal,2.0NRT,286.85,0.45,N
37.61431,61.57594,326.22,0.39,0.36,2026-09-16,2142,N21,nominal,2.0NRT,292.32,2.19,N
37.60984,61.60664,336.14,0.39,0.36,2026-09-16,2142,N21,nominal,2.0NRT,295.16,5.4,N
37.61176,61.59349,311.16,0.39,0.36,2026-09-16,2142,N21,nominal,2.0NRT,290.49,0.68,N
37.611,61.57519,317.41,0.39,0.36,2026-09-16,2142,N21,nominal,2.0NRT,292.07,2.19,N
37.57114,61.80087,303.54,0.39,0.36,2026-09-16,2142,N21,nominal,2.0NRT,291.21,0.99,N
37.60438,61.55317,306.59,0.39,0.36,2026-09-16,2142,N21,nominal,2.0NRT,291.1,1.1,N
37.59712,61.55603,327.11,0.39,0.36,2026-09-16,2142,N21,nominal,2.0NRT,292.09,2.19,N
37.59648,61.56042,307.66,0.39,0.36,2026-09-16,2142,N21,nominal,2.0NRT,290.05,2.19,N
37.595,61.5238,327.36,0.39,0.36,2026-09-16,2142,N21,nominal,2.0NRT,290.6,1.99,N
37.59436,61.52819,313.03,0.39,0.36,2026-09-16,2142,N21,nominal,2.0NRT,289.82,3.28,N
37.58986,61.5589,312.22,0.39,0.36,2026-09-16,2142,N21,nominal,2.0NRT,289.33,1.96,N
30.21424,55.98423,306.01,0.51,0.41,2026-09-16,2144,N21,nominal,2.0NRT,289.28,1.31,N
37.58922,61.56329,314.95,0.39,0.36,2026-09-16,2142,N21,nominal,2.0NRT,290.59,1.23,N
30.2135,55.98665,302.93,0.51,0.41,2026-09-16,2144,N21,nominal,2.0NRT,289.31,1.42,N
37.59105,61.52744,330.41,0.39,0.36,2026-09-16,2142,N21,nominal,2.0NRT,292.04,3.28,N
37.58591,61.56252,307.99,0.39,0.36,2026-09-16,2142,N21,nominal,2.0NRT,291.91,1.23,N
37.5826,61.56176,301.12,0.39,0.36,2026-09-16,2142,N21,nominal,2.0NRT,289.96,1,N
29.47768,60.80911,302.45,0.39,0.36,2026-09-16,2144,N21,nominal,2.0NRT,289.39,0.75,N
37.5793,61.56101,317.31,0.39,0.36,2026-09-16,2142,N21,nominal,2.0NRT,290.65,1,N
37.73063,60.417,299.58,0.41,0.37,2026-09-16,2142,N21,nominal,2.0NRT,289.15,0.35,N
37.50222,61.98894,306.53,0.39,0.36,2026-09-16,2142,N21,nominal,2.0NRT,288.73,0.69,N
37.94632,58.58837,307.88,0.47,0.4,2026-09-16,2142,N21,nominal,2.0NRT,291.03,0.95,N
37.9416,58.56551,304.96,0.48,0.4,2026-09-16,2142,N21,nominal,2.0NRT,292.78,1.35,N
37.48378,61.97564,305.39,0.39,0.36,2026-09-16,2142,N21,nominal,2.0NRT,290.48,0.71,N
37.47859,62.01026,305.5,0.39,0.36,2026-09-16,2142,N21,nominal,2.0NRT,289.67,1.04,N
37.49595,61.84841,324.67,0.39,0.36,2026-09-16,2142,N21,nominal,2.0NRT,292.7,2.76,N
37.4966,61.84407,315.78,0.39,0.36,2026-09-16,2142,N21,nominal,2.0NRT,292.25,1.64,N
37.42304,62.30969,330,0.38,0.36,2026-09-16,2142,N21,nominal,2.0NRT,290.5,3.18,N
37.4452,62.07395,299.21,0.39,0.36,2026-09-16,2142,N21,nominal,2.0NRT,288.63,0.51,N
37.40599,62.31006,299.59,0.38,0.36,2026-09-16,2142,N21,nominal,2.0NRT,287.64,0.58,N
37.39484,62.3163,306.8,0.38,0.36,2026-09-16,2142,N21,nominal,2.0NRT,289.91,0.91,N
37.63253,60.34039,326.1,0.41,0.37,2026-09-16,2142,N21,nominal,2.0NRT,290.84,1.91,N
37.6188,60.38994,307.88,0.41,0.37,2026-09-16,2142,N21,nominal,2.0NRT,289.9,0.84,N
37.52727,61.04833,305.58,0.4,0.37,2026-09-16,2142,N21,nominal,2.0NRT,290.91,1.35,N
37.51103,61.0171,323.92,0.4,0.37,2026-09-16,2142,N21,nominal,2.0NRT,291.59,1.83,N
37.50308,61.02454,317.65,0.4,0.37,2026-09-16,2142,N21,nominal,2.0NRT,291.77,2.24,N
37.82903,58.38305,304.48,0.48,0.4,2026-09-16,2142,N21,nominal,2.0NRT,292.04,1,N
37.40355,61.34275,315.35,0.39,0.36,2026-09-16,2142,N21,nominal,2.0NRT,289.57,1.51,N
37.21849,62.39688,304.21,0.38,0.36,2026-09-16,2142,N21,nominal,2.0NRT,287.38,0.75,N
37.48674,60.45914,312.39,0.41,0.37,2026-09-16,2142,N21,nominal,2.0NRT,289.59,1.25,N
37.34935,61.36225,318.37,0.39,0.36,2026-09-16,2142,N21,nominal,2.0NRT,288.71,1.33,N
37.78196,57.98537,298.06,0.5,0.41,2026-09-16,2142,N21,nominal,2.0NRT,281.82,0.99,N
37.34604,61.3615,298.52,0.39,0.36,2026-09-16,2142,N21,nominal,2.0NRT,288.17,0.66,N
37.36634,61.05156,300.5,0.4,0.37,2026-09-16,2142,N21,nominal,2.0NRT,288.4,0.63,N
37.43809,60.40377,298.23,0.41,0.37,2026-09-16,2142,N21,nominal,2.0NRT,287.58,0.49,N
37.32831,61.08636,310.31,0.4,0.37,2026-09-16,2142,N21,nominal,2.0NRT,289.71,1.14,N
37.32704,61.09523,311.78,0.4,0.37,2026-09-16,2142,N21,nominal,2.0NRT,290.08,0.89,N
29.9481,56.73493,300.77,0.47,0.4,2026-09-16,2144,N21,nominal,2.0NRT,288.05,0.74,N
37.11825,62.36127,328.68,0.38,0.36,2026-09-16,2142,N21,nominal,2.0NRT,292.8,6.22,N
37.11432,62.36476,310.43,0.38,0.36,2026-09-16,2142,N21,nominal,2.0NRT,291.29,1.91,N
37.35629,60.46656,304.33,0.41,0.37,2026-09-16,2142,N21,nominal,2.0NRT,290.3,0.99,N
37.03425,62.41765,313.67,0.38,0.36,2026-09-16,2142,N21,nominal,2.0NRT,291.44,2.14,N
37.03097,62.41686,330.34,0.38,0.36,2026-09-16,2142,N21,nominal,2.0NRT,293.2,4.03,N
37.17832,60.86673,301.86,0.4,0.37,2026-09-16,2142,N21,nominal,2.0NRT,289.08,0.45,N
37.21661,60.02298,313.29,0.42,0.37,2026-09-16,2142,N21,nominal,2.0NRT,291.16,1.86,N
37.45441,57.68342,303.28,0.51,0.41,2026-09-16,2142,N21,nominal,2.0NRT,290.01,1.51,N
29.92645,56.73101,311.18,0.47,0.4,2026-09-16,2144,N21,nominal,2.0NRT,290.33,3,N
37.45377,57.68921,307.56,0.51,0.41,2026-09-16,2142,N21,nominal,2.0NRT,289.4,1.51,N
30.08202,55.39941,301,0.55,0.42,2026-09-16,2144,N21,nominal,2.0NRT,289.78,1.66,N
37.45372,57.68815,312.74,0.51,0.41,2026-09-16,2142,N21,nominal,2.0NRT,290.38,2.16,N
37.33975,58.04821,302.3,0.49,0.4,2026-09-16,2142,N21,nominal,2.0NRT,288.24,1.76,N
36.47659,61.62481,307.05,0.39,0.36,2026-09-16,2142,N21,nominal,2.0NRT,290.97,2.2,N
36.3712,61.9399,301.43,0.38,0.36,2026-09-16,2142,N21,nominal,2.0NRT,287.92,0.5,N
36.43826,61.21777,322.51,0.39,0.36,2026-09-16,2142,N21,nominal,2.0NRT,293.15,2.08,N
29.99068,55.85539,302.89,0.52,0.41,2026-09-16,2144,N21,nominal,2.0NRT,286.62,6.17,N
36.99033,56.22916,300.55,0.4,0.44,2026-09-16,2142,N21,nominal,2.0NRT,286.32,1.56,N
37.06193,55.13279,306.87,0.45,0.47,2026-09-16,2142,N21,nominal,2.0NRT,292.03,0.69,N
36.47997,59.74703,303.84,0.42,0.38,2026-09-16,2142,N21,nominal,2.0NRT,290.01,1.22,N
29.98691,55.85477,339.25,0.52,0.41,2026-09-16,2144,N21,nominal,2.0NRT,288.52,6.17,N
36.47654,59.74636,300.11,0.42,0.38,2026-09-16,2142,N21,nominal,2.0NRT,288.01,0.66,N
35.98976,62.78259,300.52,0.39,0.36,2026-09-16,2142,N21,nominal,2.0NRT,287.57,0.29,N
36.43053,59.70086,298.2,0.42,0.38,2026-09-16,2142,N21,nominal,2.0NRT,287.12,1.29,N
29.98753,55.84969,295.32,0.52,0.41,2026-09-16,2144,N21,nominal,2.0NRT,284.78,6.17,N
35.94762,62.91726,311.18,0.39,0.36,2026-09-16,2142,N21,nominal,2.0NRT,290.09,0.78,N
36.94693,54.89079,312.2,0.46,0.47,2026-09-16,2142,N21,nominal,2.0NRT,293.59,2.42,N
35.90916,62.96504,309.49,0.39,0.36,2026-09-16,2142,N21,nominal,2.0NRT,287.38,1.17,N
35.90588,62.96423,313.98,0.39,0.36,2026-09-16,2142,N21,nominal,2.0NRT,287.34,1.27,N
35.89037,63.0176,306.22,0.39,0.36,2026-09-16,2142,N21,nominal,2.0NRT,287.58,1.16,N
36.27226,59.65134,301.02,0.42,0.38,2026-09-16,2142,N21,nominal,2.0NRT,288.88,0.88,N
36.23722,59.72991,303.34,0.42,0.38,2026-09-16,2142,N21,nominal,2.0NRT,287.72,1.57,N
36.34384,58.67534,314.86,0.45,0.39,2026-09-16,2142,N21,nominal,2.0NRT,291.17,1.85,N
33.54418,71.5507,304.72,0.32,0.55,2026-09-16,2142,N21,nominal,2.0NRT,291.52,0.78,N
35.88996,57.06133,301.78,0.52,0.42,2026-09-16,2142,N21,nominal,2.0NRT,291.55,1.69,N
29.70175,55.53653,312.52,0.53,0.42,2026-09-16,2144,N21,nominal,2.0NRT,288.27,2.32,N
29.70192,54.35179,300.35,0.41,0.45,2026-09-16,2144,N21,nominal,2.0NRT,285.48,0.75,N
29.51213,55.79968,303.09,0.51,0.41,2026-09-16,2144,N21,nominal,2.0NRT,289.14,1.15,N
28.93323,58.79671,304.09,0.4,0.37,2026-09-16,2144,N21,nominal,2.0NRT,294.03,0.54,N
29.15203,55.36448,308.31,0.53,0.42,2026-09-16,2144,N21,nominal,2.0NRT,291.36,1.44,N
29.13922,55.37366,304.46,0.53,0.42,2026-09-16,2144,N21,nominal,2.0NRT,292.24,1.9,N
28.20563,61.30553,308.31,0.39,0.37,2026-09-16,2144,N21,nominal,2.0NRT,293.95,0.97,N
27.22632,60.48925,316.63,0.39,0.36,2026-09-16,2144,N21,nominal,2.0NRT,300,3.05,N
27.42245,56.49909,311.27,0.45,0.39,2026-09-16,2144,N21,nominal,2.0NRT,299.83,3.32,N
27.30347,56.30363,315.64,0.46,0.39,2026-09-16,2144,N21,nominal,2.0NRT,300.89,2.27,N
27.16958,56.09534,318.71,0.47,0.4,2026-09-16,2144,N21,nominal,2.0NRT,301.4,4.23,N
27.16101,56.13233,310.77,0.47,0.39,2026-09-16,2144,N21,nominal,2.0NRT,300.26,3.26,N
27.16173,56.09887,322.05,0.47,0.4,2026-09-16,2144,N21,nominal,2.0NRT,301.7,6.47,N
27.14541,56.11057,317.83,0.47,0.4,2026-09-16,2144,N21,nominal,2.0NRT,300.38,3.82,N
26.95672,55.54498,318.02,0.49,0.41,2026-09-16,2144,N21,nominal,2.0NRT,302.82,2.13,N
25.97449,56.07167,317.67,0.46,0.39,2026-09-16,2144,N21,nominal,2.0NRT,301.52,1.05,N
25.902,54.53214,312.99,0.54,0.42,2026-09-16,2144,N21,nominal,2.0NRT,301.69,0.9,N
25.56936,55.98919,312.9,0.46,0.39,2026-09-16,2144,N21,nominal,2.0NRT,300.87,1.63,N
25.57094,55.98698,311.8,0.46,0.39,2026-09-16,2144,N21,nominal,2.0NRT,300.8,1.52,N
25.55662,55.98476,310.81,0.46,0.39,2026-09-16,2144,N21,nominal,2.0NRT,300.35,1.24,N
25.59928,54.42682,314.52,0.54,0.42,2026-09-16,2144,N21,nominal,2.0NRT,303.55,1.43,N
25.30959,56.37091,317.56,0.44,0.38,2026-09-16,2144,N21,nominal,2.0NRT,301.1,1.89,N
24.5054,56.60808,342.83,0.42,0.38,2026-09-16,2144,N21,nominal,2.0NRT,303.56,7.62,N
24.50195,56.60751,315.86,0.42,0.38,2026-09-16,2144,N21,nominal,2.0NRT,301.26,1.96,N
24.46567,56.63966,316.75,0.42,0.38,2026-09-16,2144,N21,nominal,2.0NRT,301.15,1.23,N
24.45309,56.55284,317.97,0.42,0.38,2026-09-16,2144,N21,nominal,2.0NRT,301.77,1.55,N
24.5111,54.01553,331.03,0.56,0.43,2026-09-16,2146,N21,nominal,2.0NRT,303.95,5.45,N
23.55445,58.20062,319.37,0.39,0.36,2026-09-16,2146,N21,nominal,2.0NRT,301.17,1.29,N
23.484,58.28125,324.46,0.39,0.36,2026-09-16,2146,N21,nominal,2.0NRT,304.56,1.52,N
23.36674,56.28502,318.59,0.43,0.38,2026-09-16,2146,N21,nominal,2.0NRT,299.9,0.99,N
23.1902,55.45723,331.8,0.46,0.39,2026-09-16,2146,N21,nominal,2.0NRT,301.08,6.43,N
23.15147,55.44663,313.79,0.46,0.39,2026-09-16,2146,N21,nominal,2.0NRT,299.36,1.48,N
23.15248,55.44859,312.19,0.46,0.39,2026-09-16,2146,N21,nominal,2.0NRT,299.84,1.87,N
22.70632,57.57685,311.45,0.39,0.36,2026-09-16,2146,N21,nominal,2.0NRT,299.29,1.03,N
22.87758,55.92556,325.8,0.43,0.38,2026-09-16,2146,N21,nominal,2.0NRT,300.93,2.83,N
22.87314,55.61295,330.04,0.45,0.39,2026-09-16,2146,N21,nominal,2.0NRT,299.47,2.37,N
22.8768,55.37241,343.28,0.46,0.39,2026-09-16,2146,N21,nominal,2.0NRT,305.15,12.91,N
22.78111,55.81245,311.27,0.44,0.38,2026-09-16,2146,N21,nominal,2.0NRT,299.54,1.74,N
22.67214,56.25002,311.05,0.42,0.38,2026-09-16,2146,N21,nominal,2.0NRT,297.04,0.87,N
22.40567,56.98754,329.93,0.4,0.37,2026-09-16,2146,N21,nominal,2.0NRT,293.79,3.9,N
22.34469,56.43379,331.16,0.41,0.37,2026-09-16,2146,N21,nominal,2.0NRT,298.97,3.99,N
22.32645,56.4877,326.75,0.41,0.37,2026-09-16,2146,N21,nominal,2.0NRT,298.52,2.03,N
22.32588,56.49167,322.64,0.41,0.37,2026-09-16,2146,N21,nominal,2.0NRT,299.05,2.03,N
22.29296,56.52686,317.77,0.41,0.37,2026-09-16,2146,N21,nominal,2.0NRT,299,1.31,N
19.37008,71.35429,328.6,0.67,0.73,2026-09-16,2146,N21,nominal,2.0NRT,287.32,6.04,N
21.9387,57.07257,330.35,0.4,0.37,2026-09-16,2146,N21,nominal,2.0NRT,298.21,4.31,N
21.93536,57.07201,311.11,0.4,0.37,2026-09-16,2146,N21,nominal,2.0NRT,297.43,0.52,N
21.88988,56.84489,329.62,0.4,0.37,2026-09-16,2146,N21,nominal,2.0NRT,299.05,2.41,N
21.9431,56.03373,310.66,0.42,0.38,2026-09-16,2146,N21,nominal,2.0NRT,299.27,0.64,N
21.83268,56.68107,333.56,0.4,0.37,2026-09-16,2146,N21,nominal,2.0NRT,299.2,3.31,N
21.33427,57.72131,309.55,0.39,0.36,2026-09-16,2146,N21,nominal,2.0NRT,296.93,1.09,N
21.33371,57.725,312.29,0.39,0.36,2026-09-16,2146,N21,nominal,2.0NRT,297.07,1.06,N
21.32051,57.72271,329.04,0.39,0.36,2026-09-16,2146,N21,nominal,2.0NRT,297.38,2.74,N
21.31384,57.74426,329.48,0.39,0.36,2026-09-16,2146,N21,nominal,2.0NRT,297.36,1.98,N
21.30998,57.74738,329.38,0.39,0.36,2026-09-16,2146,N21,nominal,2.0NRT,297.16,1.9,N
21.31054,57.74369,312.86,0.39,0.36,2026-09-16,2146,N21,nominal,2.0NRT,296.83,1.9,N
21.3021,57.79895,315.93,0.39,0.36,2026-09-16,2146,N21,nominal,2.0NRT,297.86,1.2,N
21.30627,57.7051,318.89,0.39,0.36,2026-09-16,2146,N21,nominal,2.0NRT,296.85,1.56,N
21.29596,57.68102,317.33,0.39,0.36,2026-09-16,2146,N21,nominal,2.0NRT,296.67,1.16,N
21.29563,57.09723,309.24,0.39,0.36,2026-09-16,2146,N21,nominal,2.0NRT,298.71,1.31,N
21.00226,56.53256,334.92,0.4,0.37,2026-09-16,2146,N21,nominal,2.0NRT,300.98,5.66,N
20.38901,55.66199,331.65,0.42,0.38,2026-09-16,2146,N21,nominal,2.0NRT,297.01,4.28,N
20.38385,55.64879,321.97,0.42,0.38,2026-09-16,2146,N21,nominal,2.0NRT,296.67,1.82,N
20.21341,55.71285,323.49,0.42,0.38,2026-09-16,2146,N21,nominal,2.0NRT,295.74,2.29,N
20.02489,56.14888,306.06,0.41,0.37,2026-09-16,2146,N21,nominal,2.0NRT,295.81,0.59,N
19.3412,56.45945,306.59,0.4,0.37,2026-09-16,2146,N21,nominal,2.0NRT,294.44,0.94,N
19.26778,56.17356,314.51,0.4,0.37,2026-09-16,2146,N21,nominal,2.0NRT,294.45,0.71,N
18.6881,55.50563,315.9,0.42,0.37,2026-09-16,2146,N21,nominal,2.0NRT,294.51,1.44,N
18.55474,55.87114,304.26,0.4,0.37,2026-09-16,2146,N21,nominal,2.0NRT,294.26,0.48,N
18.32138,55.10647,329.97,0.43,0.38,2026-09-16,2146,N21,nominal,2.0NRT,295.36,4.35,N
18.17564,55.24803,308.36,0.42,0.38,2026-09-16,2146,N21,nominal,2.0NRT,294.99,0.79,N
18.01291,54.57129,316.64,0.44,0.39,2026-09-16,2146,N21,nominal,2.0NRT,296.04,1.55,N
38.67878,54.3181,309.79,0.64,0.72,2026-09-16,2322,N21,nominal,2.0NRT,290.23,2.24,N
38.64815,54.27795,314.79,0.64,0.72,2026-09-16,2322,N21,nominal,2.0NRT,290.63,4.57,N
38.646,54.2848,318.15,0.64,0.72,2026-09-16,2322,N21,nominal,2.0NRT,290.11,4.43,N
36.94464,54.88967,302.69,0.78,0.78,2026-09-16,2322,N21,nominal,2.0NRT,291.45,1.72,N
14.09894,100.12231,346.42,0.39,0.59,2026-09-17,0714,N21,nominal,2.0NRT,287.78,5.65,D
14.10133,100.12303,338.53,0.39,0.59,2026-09-17,0714,N21,nominal,2.0NRT,287.01,5.15,D
14.14797,100.14627,333.07,0.39,0.59,2026-09-17,0714,N21,nominal,2.0NRT,285.13,4.07,D
15.21327,100.39334,331.35,0.42,0.61,2026-09-17,0714,N21,nominal,2.0NRT,284.47,7.81,D
15.21196,100.39311,335.76,0.42,0.61,2026-09-17,0714,N21,nominal,2.0NRT,284.85,6.57,D
16.02901,99.91512,337.36,0.4,0.6,2026-09-17,0714,N21,nominal,2.0NRT,288.71,4.38,D
16.04673,99.77229,331.62,0.39,0.59,2026-09-17,0714,N21,nominal,2.0NRT,287.46,3.87,D
16.14935,99.78712,333.58,0.39,0.59,2026-09-17,0714,N21,nominal,2.0NRT,288.88,3.31,D
13.42476,79.93306,340.13,0.47,0.64,2026-09-17,0714,N21,nominal,2.0NRT,293.77,11.3,D
13.88062,79.62473,330.45,0.48,0.65,2026-09-17,0714,N21,nominal,2.0NRT,295.27,2.44,D
14.24982,77.7921,337.06,0.62,0.72,2026-09-17,0714,N21,nominal,2.0NRT,290.86,6.27,D
14.69509,79.36307,336.2,0.48,0.65,2026-09-17,0714,N21,nominal,2.0NRT,289.59,6.68,D
14.7096,77.63441,330.39,0.63,0.72,2026-09-17,0714,N21,nominal,2.0NRT,290.7,5.6,D
18.40067,98.96873,328.02,0.37,0.58,2026-09-17,0714,N21,nominal,2.0NRT,290,1.35,D
18.45275,98.90376,332.47,0.36,0.58,2026-09-17,0714,N21,nominal,2.0NRT,291.51,2.12,D
15.90148,79.4164,332.49,0.45,0.63,2026-09-17,0716,N21,nominal,2.0NRT,295.32,1.8,D
16.88622,80.09951,331.74,0.39,0.59,2026-09-17,0716,N21,nominal,2.0NRT,291.83,3.39,D
17.91869,83.45558,335.07,0.45,0.47,2026-09-17,0716,N21,nominal,2.0NRT,294.27,4.8,D
18.0052,83.52058,328.32,0.44,0.46,2026-09-17,0716,N21,nominal,2.0NRT,293.74,3.35,D
20.41367,94.74218,330,0.41,0.45,2026-09-17,0716,N21,low,2.0NRT,301.3,8.42,D
21.88993,98.03392,329.18,0.35,0.57,2026-09-17,0716,N21,nominal,2.0NRT,289.96,5.45,D
21.88586,98.03609,330.42,0.35,0.57,2026-09-17,0716,N21,nominal,2.0NRT,290.53,5.4,D
22.22119,99.70044,336.89,0.46,0.63,2026-09-17,0716,N21,nominal,2.0NRT,289.54,4.94,D
22.32302,97.45634,331.64,0.33,0.55,2026-09-17,0716,N21,nominal,2.0NRT,288.2,2.27,D
22.39562,97.42145,336.31,0.33,0.55,2026-09-17,0716,N21,nominal,2.0NRT,288.67,2.7,D
20.96441,85.18966,332.55,0.48,0.4,2026-09-17,0716,N21,nominal,2.0NRT,296.1,5.77,D
20.96974,85.15549,329.19,0.48,0.4,2026-09-17,0716,N21,nominal,2.0NRT,298.73,4.78,D
21.08077,85.0359,330.53,0.49,0.4,2026-09-17,0716,N21,nominal,2.0NRT,298.92,6.73,D
22.05345,88.12628,335.34,0.39,0.36,2026-09-17,0716,N21,nominal,2.0NRT,297.14,6.54,D
22.37646,87.28252,330.06,0.4,0.37,2026-09-17,0716,N21,nominal,2.0NRT,299.39,4.45,D
22.37584,87.27872,337.04,0.4,0.37,2026-09-17,0716,N21,nominal,2.0NRT,300.09,4.45,D
22.37917,87.27811,336.38,0.4,0.37,2026-09-17,0716,N21,nominal,2.0NRT,299.15,4.45,D
23.89086,98.72205,341.56,0.41,0.61,2026-09-17,0716,N21,nominal,2.0NRT,287.46,5.05,D
23.69685,87.09588,331.62,0.39,0.36,2026-09-17,0716,N21,nominal,2.0NRT,301.24,3.79,D
23.67636,86.40216,333.5,0.41,0.37,2026-09-17,0716,N21,nominal,2.0NRT,301.57,4.85,D
23.67571,86.39822,332.46,0.41,0.37,2026-09-17,0716,N21,nominal,2.0NRT,301.43,4.85,D
23.67908,86.39759,339.38,0.41,0.37,2026-09-17,0716,N21,nominal,2.0NRT,302.59,3.8,D
23.68245,86.39695,331.26,0.41,0.37,2026-09-17,0716,N21,nominal,2.0NRT,299.58,3.8,D
23.68516,86.39235,340.44,0.41,0.37,2026-09-17,0716,N21,nominal,2.0NRT,300.96,7.49,D
23.79525,86.35495,330.13,0.41,0.37,2026-09-17,0716,N21,nominal,2.0NRT,295.5,4.47,D
26.57614,101.6689,332.08,0.68,0.74,2026-09-17,0718,N21,nominal,2.0NRT,286.89,19.64,D
26.5758,101.66308,355.85,0.68,0.74,2026-09-17,0718,N21,low,2.0NRT,280.73,19.64,D
26.57828,101.66776,343.84,0.68,0.74,2026-09-17,0718,N21,nominal,2.0NRT,286.76,26.24,D
25.30834,86.49207,332.05,0.4,0.37,2026-09-17,0718,N21,nominal,2.0NRT,301.24,3.72,D
38.05073,67.26068,335.96,0.68,0.74,2026-09-17,0722,N21,low,2.0NRT,306.33,10.17,D
